,date,total_confirmed,new_confirmed,new_confirmed_after_fft,new_confirmed_after_sg,new_confirmed_after_convolve,total_deaths,new_deaths,new_death_after_fft,new_death_after_sg,new_death_after_convolve,total_recovered
0,2020-04-13,580526,25255,73077.81692017014,25249.347549799135,18294.452762790697,23909,1542,2109.1491576992694,2480.2356201784573,1375.581618604651,23909
1,2020-04-14,607220,26694,62664.27691312002,26910.727304834476,19090.778641860466,26236,2327,2198.647343765129,2514.1135823115146,1429.862586046512,26236
2,2020-04-15,636538,29318,52628.11632883087,28199.765776313787,19900.712409302327,28710,2474,2277.1424878373928,2531.109992683704,1485.1870511627906,28710
3,2020-04-16,667773,31235,43378.74646735935,29169.317007123416,20726.153711627903,33317,4607,2341.6558144267697,2533.6137624796415,1541.2927255813952,33317
4,2020-04-17,699948,32175,35264.94441068519,29866.1481305996,21569.058046511625,37182,3865,2389.6780153777577,2523.770728996727,1598.2156651162793,37182
5,2020-04-18,732511,32563,28553.63161250239,30331.520425045223,22429.394306976745,39045,1863,2419.3548393990177,2503.5030005477606,1655.8229581395349,39045
6,2020-04-19,759150,26639,23414.974138398476,30601.72610165331,23303.88989767442,41093,2048,2429.637663160539,2474.5270768757264,1713.8820093023255,41093
7,2020-04-20,784339,25189,19914.797392385368,30708.58347376416,24192.768930232556,42601,1508,2420.385187131494,2438.3708071345627,1772.4783627906977,42601
8,2020-04-21,812350,28011,18014.72189667891,30679.893031106636,25096.51780465116,44889,2288,2392.4058086493073,2396.3892449648265,1831.7484651162788,44889
9,2020-04-22,841392,29042,17579.816629109773,30539.85682297855,26014.302995348837,47083,2194,2347.4346594013386,2349.7794577505624,1891.7255441860468,47083
10,2020-04-24,869377,27985,18392.982815286556,30309.463439075334,26947.25071627907,50373,3290,2288.044399901928,2299.5943447813115,1952.425860465116,50373
11,2020-04-25,905402,36025,20174.771372632575,30006.840765750487,27901.32078139534,52377,2004,2217.4942168801304,2246.7555167589335,2013.9172837209298,52377
12,2020-04-26,938961,33559,22606.942083932157,29647.57858875945,28871.56576744186,54211,1834,2139.5266159643656,2192.0652868807133,2075.902176744186,54211
13,2020-04-27,966314,27353,25357.822569418935,29245.023010877612,29855.075758139534,55409,1198,2058.12609443589,2136.2178215960976,2138.2122790697676,55409
14,2020-04-28,988946,22632,28107.438155689644,28810.54455407178,30850.275609302324,56804,1395,1977.2572170380577,2079.809497072354,2200.8553674418604,56804
15,2020-04-29,1013567,24621,30570.46377779737,28353.781721025345,31858.198213953485,58899,2095,1900.6016849506416,2023.348505412585,2264.1743255813954,58899
16,2020-04-30,1040857,27290,32515.285974277554,27882.861699655285,32881.33283720931,61380,2481,1831.314479527226,1967.2637527459437,2328.1316837209297,61380
17,2020-05-01,1070356,29499,33777.83370026,27404.599806700953,33920.06902325582,63277,1897,1771.8180058180806,1911.913089452754,2392.68785116279,63277
18,2020-05-02,1104673,34317,34269.30710892048,26924.67918240141,34977.306083720934,65243,1966,1723.6504243070765,1857.5909109947283,2457.84,65243
19,2020-05-03,1134034,29361,33977.461899419,26447.812167601383,36052.61064186047,66832,1589,1687.380247333685,1804.5351660908373,2523.5061209302326,66832
20,2020-05-04,1159488,25454,32961.64751693946,25977.884717231944,37141.8560744186,68222,1390,1662.5941147124138,1752.9338073108702,2589.405544186047,68222
21,2020-05-05,1181551,22063,31342.304588965108,25518.085129897394,38244.21026976744,69480,1258,1647.9588705169488,1702.9307175496679,2655.5849302325582,69480
22,2020-05-06,1205503,23952,29286.05855837526,25071.018302165492,39363.48100465116,71531,2051,1641.3531181630824,1654.6311442937013,2722.3214139534884,71531
23,2020-05-07,1229579,24076,26987.868027622386,24638.806648005662,40502.00978604652,73743,2212,1640.0578303197433,1608.1066720965746,2789.594493023256,73743
24,2020-05-08,1258201,28622,24651.873620598977,24223.17875855526,41660.29786046513,75961,2218,1640.9908059010984,1563.3997622394409,2857.360334883721,75961
25,2020-05-09,1285666,27465,22472.63410870026,23825.546814922134,42841.14273488372,77499,1538,1640.9662052524534,1520.527887164817,2925.5906604651163,77499
26,2020-05-10,1310850,25184,20618.331981397198,23447.07370696501,44045.4479255814,79097,1598,1636.9583626346275,1479.4872859362372,2994.227497674419,79097
27,2020-05-11,1330729,19879,19217.293996246106,23088.73075384095,45268.41023255813,79924,827,1626.3487504073298,1440.25636569017,3063.0637023255827,79924
28,2020-05-12,1348818,18089,18348.828072578475,22751.346867484375,46513.52141395349,81106,1182,1607.136386168531,1402.7987728091805,3132.1904744186045,81106
29,2020-05-13,1370968,22150,18038.959474778774,22435.64994800473,47784.334027906974,82766,1660,1578.0950191661548,1367.0661563550007,3201.8262697674418,82766
30,2020-05-14,1391857,20889,18261.195442494296,22142.301250173226,49080.993004651165,84471,1705,1538.8648536624903,1333.0006451556612,3271.9915906976744,84471
31,2020-05-15,1418584,26727,18941.99918836178,21871.923412634547,50406.29231627906,86251,1780,1489.9719952724022,1300.5370588406322,3343.876279069768,86251
32,2020-05-16,1443775,25191,19970.250802634633,21625.1227961531,51764.22496744186,87873,1622,1432.7747862017493,1269.6048720608926,3416.2098976744182,87873
33,2020-05-17,1468910,25135,21209.64832114088,21402.506734000657,53151.97719069768,89082,1209,1369.3422241647133,1240.1299501155559,3488.894176744187,89082
34,2020-05-18,1488414,19504,22512.7832902247,21204.696256450126,54569.50161860463,89955,873,1302.275230772039,1212.036073231849,3561.795497674419,89955
35,2020-05-19,1509913,21499,23735.527735357973,21032.334812176683,56015.12907906977,90786,831,1234.4861808531982,1185.2462658098154,3634.927293023258,90786
36,2020-05-20,1530024,20111,24750.39832447947,20886.093472116896,57494.1760372093,92253,1467,1168.9554363628747,1159.6839460455808,3708.920186046512,92253
37,2020-05-21,1553138,23114,25457.71205518001,20766.67306593441,59009.2865860465,93749,1496,1108.485371658778,1135.2739104865798,3783.370493023256,93749
38,2020-05-22,1578654,25516,25793.59873733219,20674.80366761007,60563.17127441859,94980,1231,1055.4723914833544,1111.9431672472022,3858.3305302325584,94980
39,2020-05-23,1602533,23879,25734.262865600966,20611.24181476098,62155.50913488372,96215,1235,1011.7157370787039,1089.6216308232795,3933.774139534883,96215
40,2020-05-24,1623749,21216,25296.25895061952,20576.76581602858,63782.142437209295,97286,1071,978.2786041945236,1068.2426906869252,4009.413581395349,97286
41,2020-05-25,1644754,21005,24532.924645895095,20572.169472198675,65443.817748837224,97933,647,955.4125467179098,1047.7436651192543,4085.267237209303,97933
42,2020-05-26,1663783,19029,23527.469876725183,20598.254509570594,67138.03732093023,98472,539,942.5507061274966,1028.0661510454356,4161.369041860464,98472
43,2020-05-27,1681653,17870,22383.515826303308,20655.821998412903,68873.90560000001,99146,674,938.3695578112244,1009.1562799741489,4238.264074418605,99146
44,2020-05-28,1700901,19248,21214.089443800407,20745.66300508549,69098.31981395351,100622,1476,940.9131006954254,990.9648895104629,4220.8781023255815,100622
45,2020-05-29,1722836,21935,20130.189895775977,20868.548703501223,69259.29629767442,101727,1105,947.7682259240275,973.4476193063695,4154.837990697674,101727
46,2020-05-30,1747537,24701,19230.045663175486,21025.220150006066,69287.99319069767,102883,1156,956.2758198436015,956.5649397360378,4078.6796279069767,102883
47,2020-05-31,1772194,24657,18590.077617355124,21216.377905414694,69221.45536744187,103851,968,963.7593324398983,940.2821210322095,3870.104520930232,103851
48,2020-06-01,1792222,20028,18258.386969125662,21442.671668800114,69118.05860465116,104490,639,967.7513014211162,924.5691500949142,3704.2209116279073,104490
49,2020-06-02,1812567,20345,18251.318421963802,21704.690069653698,69008.59173953488,105250,760,966.1987531779915,909.4006016837072,3659.0401488372095,105250
50,2020-06-03,1833600,21033,18553.335359332923,22002.950748157677,69287.79594418604,106203,953,957.630449253979,894.7554702278758,3601.7813953488367,106203
51,2020-06-04,1853454,19854,19120.116213762176,22337.89083749737,69685.36219534883,107203,1000,941.2724167941096,880.6169680361352,3576.953079069767,107203
52,2020-06-05,1874901,21447,19884.4706869047,22709.857947347704,69945.21786046511,108226,1023,917.1027795521038,866.9722952558393,3503.7626046511637,108226
53,2020-06-06,1904778,29877,20764.41028190117,23119.101733843545,70172.85235348837,109345,1119,885.8421864447779,853.8123865226776,3435.3647255813958,109345
54,2020-06-07,1927657,22879,21672.513746283243,23565.76612845473,70490.77979534882,110043,698,848.8816556828551,841.1316388522557,3298.62128372093,110043
55,2020-06-08,1946420,18763,22525.62142864914,24049.882286179352,70338.34076279069,110503,460,808.1549374482545,828.9276249568488,3238.95951627907,110503
56,2020-06-09,1962955,16535,23253.881546622306,24571.36230233834,70354.27955348839,110974,471,765.9670966660458,817.2007958200218,3188.610046511628,110974
57,2020-06-10,1980951,17996,23808.255045939586,25129.993736894223,70774.9038511628,111930,956,724.7945446112897,805.9541760313659,3176.844539534884,111930
58,2020-06-11,2002468,21517,24165.754231825027,25725.434975676177,71516.15906976744,112833,903,687.0739167619687,795.19305506963,3152.9635720930237,112833
59,2020-06-12,2024536,22068,24331.925928677472,26357.211449066162,72167.16234418606,113680,847,654.9978389275091,784.9246774265614,3085.826939534884,113680
60,2020-06-13,2050705,26169,24340.368763884773,27024.712720583717,72689.6337116279,114523,843,630.3347131142854,775.1579341840836,2994.3137488372095,114523
61,2020-06-14,2076261,25556,24249.368758083056,27727.190450368777,73103.83159069766,115250,727,614.287292967785,765.9030583931515,2937.667237209303,115250
62,2020-06-15,2095980,19719,24136.01917519588,28463.75723175117,73241.50399999999,115580,330,607.4012343588024,757.171326354541,2875.813841860465,115580
63,2020-06-16,2114522,18542,24088.43265749185,29233.38629290161,73699.38314418605,115976,396,609.530330677216,748.9747666668466,2836.5342139534887,115976
64,2020-06-17,2138450,23928,24196.83336196749,30034.912049940092,74422.06961860466,116764,788,619.8601776370567,741.325878688549,2809.186939534885,116764
65,2020-06-18,2165690,27240,24544.417734469695,30867.03149279469,75383.4590139535,117523,759,636.9869975412728,734.2373618524389,2789.9713116279067,117523
66,2020-06-19,2193639,27949,25198.886074245067,31728.306380555492,76261.45696744186,118220,697,659.0437233602755,727.7218570791208,2722.0937674418606,118220
67,2020-06-20,2225545,31906,26205.472990594473,32617.166219010396,77163.2687255814,118877,657,683.8615925692912,721.7917013538561,2643.7211534883727,118877
68,2020-06-21,2258729,33184,27582.15144264568,33531.91198943271,77810.98950697677,119452,575,709.1527480576638,716.4586963618567,2564.223739534884,119452
69,2020-06-22,2285119,26390,29317.467972555038,34470.72059455473,78542.45097674419,119734,282,732.6979051001529,711.733891920321,2525.3117395348836,119734
70,2020-06-23,2316448,31329,31371.20757733515,35431.64998488538,79427.36881860468,120145,411,752.5231165517038,707.6273847966236,2482.0214325581396,120145
71,2020-06-24,2352802,36354,33677.81077195423,36412.64492621453,80659.93186976745,120865,720,767.0510244892021,704.1481333672432,2485.9281860465117,120865
72,2020-06-25,2389361,36559,36152.19944828447,37411.54336710553,82027.59464186047,121614,749,775.2145758933233,701.3037884438729,2468.4199069767446,121614
73,2020-06-26,2429872,40511,38697.43756545443,38426.08336361429,83173.25257674417,124046,2432,776.5247475469808,699.1005404775656,2421.936186046511,124046
74,2020-06-27,2476031,46159,41213.47930823201,39453.91051704764,84424.19914418604,124681,635,771.088035103692,697.5429832420389,2372.428725581395,124681
75,2020-06-28,2518210,42179,43606.15723441617,40492.58587967755,85340.92669767441,125177,496,759.5739276673163,696.6339939985032,2317.865674418605,125177
76,2020-06-29,2560322,42112,45795.545060777455,41539.59428249806,86368.03382325581,125484,307,743.1369123154661,696.3746300538792,2272.1666976744195,125484
77,2020-06-30,2600073,39751,47722.895137424624,42592.35303870168,87412.7743627907,125810,326,723.3013544488005,696.764041540255,2251.083944186047,125810
78,2020-07-01,2647344,47271,49355.492405585435,43648.22097635364,88823.48282790698,127028,1218,701.820556198845,697.7994001666241,2250.59471627907,127028
79,2020-07-02,2698355,51011,50688.970575135834,44704.50775363638,90134.6864372093,127675,647,680.523165606314,699.475843627723,2253.134176744186,127675
80,2020-07-03,2753200,54845,51746.88243615418,45758.483410443994,91552.42861395348,128396,721,661.1607556807728,701.7864352894453,2216.7072,128396
81,2020-07-04,2807591,54391,52577.580810580286,46807.38811034216,92817.2573767442,129080,684,645.2697894169534,704.7221387187981,2178.385525581395,129080
82,2020-07-05,2856101,48510,53248.724266236066,47848.442027650744,93953.63482790698,129357,277,634.0594218176034,708.2718065722231,2156.045060465116,129357
83,2020-07-06,2905667,49566,53839.94782411648,48878.85533506327,95201.54987906977,129660,303,628.3338529737401,712.4221833161919,2133.0152930232557,129660
84,2020-07-07,2951700,46033,54434.41213874883,49895.83824823065,96621.18321860467,130011,351,628.4545105679912,717.1579212136962,2119.5275906976744,130011
85,2020-07-08,3010611,58911,55110.04884920182,50896.61108472831,98069.21369302327,131133,1122,634.3435358810344,722.4616089775741,2132.2227720930237,131133
86,2020-07-09,3069884,59273,55931.345488539395,51878.41429602177,99654.74973023255,131929,796,645.526230254885,728.3138124631339,2152.026604651163,131929
87,2020-07-10,3130601,60717,56942.45853058072,52838.51843237394,101329.6016744186,132946,1017,661.2066375634821,734.6931267481257,2163.927851162791,132946
88,2020-07-11,3198477,67876,58162.31352901051,53774.23400196925,102942.05585116279,133750,804,680.3676023286253,741.5762389324298,2126.8045023255813,133750
89,2020-07-12,3259867,61390,59582.15961088441,54682.92118711375,104407.44543255812,134495,745,701.8846961962902,748.938000966468,2112.155237209302,134495
90,2020-07-13,3320746,60879,61165.81037365311,55561.999381816444,105711.80409302325,134934,439,724.6425038698064,756.7515118154943,2093.9343255813956,134934
91,2020-07-14,3378091,57345,62852.547057626376,56408.956516781895,107026.38634418604,135356,422,747.641959857588,764.9882082511367,2086.773358139535,135356
92,2020-07-15,3445031,66940,64562.40712371883,57221.35813953589,108637.08721860466,136230,874,770.0886831770936,773.6179635615504,2100.0369488372094,136230
93,2020-07-16,3512940,67909,66203.35598153985,57996.85621907799,110244.07929302326,137170,940,791.4544254804823,782.6091934653386,2106.2343069767444,137170
94,2020-07-17,3588855,75915,67679.66277121176,58733.197646309985,111827.06667906979,138131,961,811.5066043913951,791.9289685229639,2100.8202790697674,138131
95,2020-07-18,3660987,72132,68900.6892687084,59428.23240330341,113500.79382325582,139020,889,830.3041543736525,801.5431323345636,2092.507646511628,139020
96,2020-07-19,3725787,64800,69789.26437850324,60079.92137629099,115094.70824186048,139893,873,848.1612765175676,811.4164248266586,2082.7683348837213,139893
97,2020-07-20,3787931,62144,70288.85834866369,60686.34378910615,116179.66091162794,140331,438,865.5837885121515,821.512609934143,2066.714306976744,140331
98,2020-07-21,3847580,59649,70368.88643104682,61245.70423572679,117698.51278139539,140717,386,883.1853765356008,831.7946069986203,2076.080334883721,140717
99,2020-07-22,3913634,66054,70027.64990065846,61756.33929242811,119485.30388837212,141795,1078,901.5928955727626,842.2246252142363,2100.341655813954,141795
100,2020-07-23,3983784,70150,69292.64599256084,62216.72369196231,121423.96632558138,142995,1200,921.3507925129926,852.7643004655904,2124.347758139535,142995
101,2020-07-24,4051800,68016,68218.22607785907,62625.47604392296,123287.25019534878,144106,1111,942.8346648461257,863.3748339250535,2118.917469767442,144106
102,2020-07-25,4126819,75019,66880.82980388188,62981.364087476715,124957.36398139539,145303,1197,966.1829385243899,874.0171317866952,2116.761897674419,145303
103,2020-07-26,4193142,66323,65372.24857234817,63283.309464431455,126609.4618790698,146294,991,991.253763881242,884.6519455356711,2118.0012279069765,146294
104,2020-07-27,4250669,57527,63791.5535153718,63530.39200227907,128015.85637209304,146829,535,1017.6116794488725,895.240012175125,2119.194604651162,146829
105,2020-07-28,4306738,56069,62236.44420693845,63721.853498948025,129458.78671627905,147926,1097,1044.545630922391,905.7421938471509,2127.1466790697677,147926
106,2020-07-29,4370753,64015,60794.82369315352,63857.10100238254,131260.6413767442,149080,1154,1071.1168427093053,916.1196163184445,2159.3303813953485,149080
107,2020-07-30,4438829,68076,59537.378837193115,63935.709580025505,133145.82809302327,150488,1408,1096.2321170805462,926.3338058036288,2188.0187906976744,150488
108,2020-07-31,4507280,68451,58511.84542842753,63957.42457513415,134711.11278139535,151906,1418,1118.7356561628517,936.3468236500644,2192.9662139534885,151906
109,2020-08-01,4575704,68424,57739.474822466305,63922.16334776516,136089.8856930233,153119,1213,1137.5106953538238,946.1213984059043,2199.9546790697673,153119
110,2020-08-02,4635877,60173,57214.00876296032,63830.01650107524,137435.68167441862,154262,1143,1151.5812679455273,955.6210548339036,2210.751627906977,154262
111,2020-08-03,4682289,46412,56903.23155437018,63681.24859368088,138543.0320744186,154727,465,1160.2043742723793,964.8102394569976,2223.7946418604647,154727
112,2020-08-04,4728367,46078,56752.926422723,63476.29834173356,139572.50757209305,155292,565,1162.943701824741,973.6544422338266,2241.7143813953485,155292
113,2020-08-05,4783751,55384,56692.83854683659,63215.77831468472,141024.30764651162,156572,1280,1159.7177468488153,982.120314010423,2278.1017674418604,156572
114,2020-08-06,4838995,55244,56644.06185666734,62900.474130785675,142180.74556279072,157993,1421,1150.8175576703677,990.1757793972247,2307.0333767441857,157993
115,2020-08-07,4896371,57376,56527.13746881107,62531.34315944293,143038.09413953486,159776,1783,1136.8921295871608,997.7901447638003,2317.27888372093,159776
116,2020-08-08,4957742,61371,56270.09035842875,62109.51273893275,143892.06336744188,161074,1298,1118.9024661407752,1004.9342010487878,2325.9131906976745,161074
117,2020-08-09,5013793,56051,55815.64287923712,61636.277919027896,144507.82314418603,162153,1079,1098.0482035652158,1011.5803211409243,2231.000855813954,162153
118,2020-08-10,5063017,49224,55126.927436286736,61113.09873944153,144775.80197209303,162725,572,1075.67320802832,1017.7025515689584,2245.0810046511633,162725
119,2020-08-11,5108278,45261,54191.16765234883,60541.59705609278,145291.7458232558,163235,510,1053.1584694061062,1023.2766983036681,2267.5543813953486,163235
120,2020-08-12,5161168,52890,53020.9935012802,59923.55292796173,145810.65544186052,164341,1106,1031.811758720142,1028.2804064723668,2302.035758139534,164341
121,2020-08-13,5213490,52322,51653.28233202119,59260.90057882594,146471.57830697673,165844,1503,1012.7637897249418,1032.6932338278295,2335.880855813954,165844
122,2020-08-14,5264929,51439,50145.65295802068,58555.723948380066,146675.73198139537,166890,1046,996.8800102440283,1036.4967178215134,2315.26894883721,166890
123,2020-08-15,5330009,65080,48570.961823869446,57810.251848621236,146654.15293023255,168200,1310,984.6957093482365,1039.674436170876,2329.5633116279073,168200
124,2020-08-16,5380406,50397,47010.33786334903,57026.852742358285,146392.8960372093,169246,1046,976.380001010125,1042.2120608214027,2339.3987720930236,169246
125,2020-08-17,5421270,40864,45545.428553738035,56208.02916024247,146148.36904186045,169850,604,971.7316335071296,1044.0974052297179,2351.2116465116287,169850
126,2020-08-18,5456359,35089,44250.60133825066,55356.411775302055,146250.15531162792,170314,464,970.2067189021095,1045.320464926709,2387.8075906976746,170314
127,2020-08-19,5499385,43026,43185.84563123559,54474.75315276791,146284.01879069768,171532,1218,970.975640215495,1045.8734513095274,2423.2554046511636,171532
128,2020-08-20,5542976,43591,42391.05131437289,53565.92119447235,146528.6850604651,172838,1306,973.0038324589237,1045.7508186855553,2456.2061767441855,172838
129,2020-08-21,5587507,44531,41882.20686184572,52632.8922974282,145981.35214883718,173944,1106,975.149076292717,1044.9492845466973,2442.1401674418607,173944
130,2020-08-22,5637003,49496,41649.876808042616,51678.7442466939,145409.26656744187,175048,1104,976.2665696119191,1043.4678431212687,2447.91616744186,175048
131,2020-08-23,5682001,44998,41660.10168943092,50706.64886267409,144742.54295813953,176036,988,975.3124681145736,1041.307772258067,2440.0277209302317,176036
132,2020-08-24,5716804,34803,41857.63436697949,49719.86442334327,143617.1307162791,176526,490,971.4368518259892,1038.4726336961737,2444.778604651163,176526
133,2020-08-25,5752138,35334,42171.206356393566,48721.7278832693,142869.9489116279,176970,444,964.0581446441046,1034.968266806061,2452.9258046511627,176970
134,2020-08-26,5792924,40786,42520.327094479355,47715.64690898145,142142.89190697676,178205,1235,952.9127797062796,1030.8027759191318,2479.8672744186047,178205
135,2020-08-27,5835285,42361,42822.975701223906,46705.09175371866,141625.5984372093,179376,1171,938.0761947293546,1025.986511323296,2508.187348837209,179376
136,2020-08-28,5881532,46247,43003.461978663414,45693.58699148739,140519.3693023256,180503,1127,919.9538434183023,1020.5320441167557,2509.0958139534882,180503
137,2020-08-29,5928341,46809,42999.71859806335,44684.70313211963,139346.52174883717,181445,942,899.2435819239456,1014.4541349989786,2506.0098604651157,181445
138,2020-08-30,5973893,45552,42769.340738156025,43682.048139973354,137672.781172093,182428,983,876.8732911821348,1007.7696971986963,2501.43006511628,182428
139,2020-08-31,6008837,34944,42293.8074525037,42689.25887537406,136211.14493023252,182871,443,853.919704629583,1000.4977537082316,2500.913265116279,182871
140,2020-09-01,6043627,34790,41580.48944278479,41709.9924819203,135179.34701395352,183319,448,831.515943876508,992.6593889715805,2501.027088372093,183319
141,2020-09-02,6087407,43780,40662.254547416705,40747.917739762706,134301.3349209302,184380,1061,810.7560957510362,984.2776952649454,2527.83423255814,184380
142,2020-09-03,6127152,39745,39594.70568282347,39806.706405723395,133574.7028093023,185436,1056,792.6052323068125,975.377713966451,2558.239181395349,185436
143,2020-09-04,6164173,37021,38451.30530712317,38890.02456128616,132458.1496930233,186465,1029,777.8225910261349,965.9863718663576,2546.3966139534887,186465
144,2020-09-05,6215262,51089,37316.835330501934,38001.52398828852,131091.90299534885,187442,977,766.9042739116968,956.1324128496417,2526.944855813954,187442
145,2020-09-06,6259233,43971,36279.793797859675,37144.83359248045,129848.13860465116,188275,833,760.0499294976277,945.8463250749367,2512.6773581395355,188275
146,2020-09-07,6290547,31314,35424.42571047132,36323.55089474737,128161.72193488374,188709,434,757.1556349186121,935.1602639435737,2492.633153488372,188709
147,2020-09-08,6315064,24517,34823.11646450447,35541.233608796094,127004.5742139535,189020,311,757.8328079698498,924.1079710994763,2484.75248372093,189020
148,2020-09-09,6340490,25426,34529.840093508225,34801.39132422692,126385.32904186046,189483,463,761.4506714628205,912.7246896867189,2504.8801116279064,189483
149,2020-09-10,6375681,35191,34575.25462165531,34107.47731344373,125859.42954418604,190611,1128,767.197771627009,901.0470761306726,2490.898939534884,190611
150,2020-09-11,6410312,34631,34963.88305834758,33462.880480135194,124859.12744186049,191530,919,774.1564951122027,889.113108695748,2473.2294697674424,191530
151,2020-09-12,6458568,48256,35673.625519520174,32870.91746724802,123622.67106976746,192682,1152,781.3835648543122,876.9619931081968,2439.790176744186,192682
152,2020-09-13,6500846,42278,36657.63380456763,32334.82493804366,122374.32900465118,193434,752,787.9891956039776,864.6340654468663,2405.4077767441863,193434
153,2020-09-14,6535779,34933,37848.36445918244,31857.752051798587,121123.92256744184,193828,394,793.2079642774379,852.1706926313595,2382.9315720930235,193828
154,2020-09-15,6568719,32940,39163.429818037126,31442.753144321996,120379.45696744189,194249,421,796.4554451848951,839.6141707372913,2364.256781395349,194249
155,2020-09-16,6608192,39473,40512.70673350372,31092.780631390397,120494.18161860466,195455,1206,797.3661664632492,827.0076214331821,2387.203125581396,195455
156,2020-09-17,6646493,38301,41806.054066727294,30810.678148343708,120652.23828837211,196414,959,795.8103081215189,814.3948867646823,2404.3960930232556,196414
157,2020-09-18,6691943,45450,42960.9420670641,30599.173939335327,120270.14917209304,197277,863,791.8886013667686,801.8204225924651,2377.927590697675,197277
158,2020-09-19,6741352,49409,43909.31328702225,30460.874508085097,119928.53447441859,198241,964,785.9069093217489,789.3291909680922,2342.6197581395345,198241
159,2020-09-20,6784794,43442,44603.07343517925,30398.258544510973,119480.9121488372,198947,706,778.3337838746471,776.9665516286234,2284.7134139534887,198947
160,2020-09-21,6824754,39960,45017.7435599719,30413.671137962523,118821.78005581393,199207,260,769.7457394977216,764.7781529875567,2255.727367441861,199207
161,2020-09-22,6875393,50639,45153.97922535155,30509.31828414249,118505.84840930236,199621,414,760.7659386055843,752.8098227682335,2239.660613953488,199621
162,2020-09-23,6915938,40545,45036.861229558606,30687.261703266795,118660.92163720928,200659,1038,752.0023700803644,741.1074586248992,2255.15471627907,200659
163,2020-09-24,6953517,37579,44713.06717155479,30949.413969934023,119098.15847441861,201719,1060,743.9914038968016,729.716918981883,2274.870176744186,201719
164,2020-09-25,7001420,47903,44246.2246995547,31297.533969850316,119126.15263255818,202621,902,737.1518569052657,718.6839142637484,2258.399739534884,202621
165,2020-09-26,7054778,53358,43710.90795889505,31733.22268758443,119242.24811162791,203536,915,731.7534951385861,708.0538989346055,2217.6050604651155,203536
166,2020-09-27,7100329,45551,43185.85406646501,32257.919332374666,119469.34954418604,204314,778,727.902355133765,697.8719643507927,2204.6631441860472,204314
167,2020-09-28,7139340,39011,42747.036276975836,32872.897811181574,118908.9439255814,204613,299,725.5435474093254,688.1827329123494,2175.134139534884,204613
168,2020-09-29,7171935,32595,42461.23009955571,33579.2635504107,119259.02820465114,204943,330,724.4804786513238,679.0302535009953,2161.4520186046516,204943
169,2020-09-30,7216242,44307,42380.648914719044,34377.95067110041,120262.41201860463,205858,915,724.407860740367,670.4578986322651,2175.247962790698,205858
170,2020-10-01,7256612,40370,42539.11313903229,35269.71952795384,121697.72186046513,206805,947,724.9546104508281,662.5082633914508,2198.286213953488,206805
171,2020-10-02,7302769,46157,42950.06308449028,36255.15460181366,122734.48063255816,207729,924,725.7318965645819,655.2230664505298,2175.5873116279067,207729
172,2020-10-03,7358162,55393,43606.54551835892,37334.66276515365,123834.12145116284,208555,826,726.3812315249628,648.6430533076141,2147.4623627906976,208555
173,2020-10-04,7409200,51038,44483.1149898684,38508.47190789707,124966.90039069764,209250,695,726.6176543723932,642.8079019490526,2131.686176744186,209250
174,2020-10-05,7443947,34747,45539.411305754256,39776.629927498536,125860.20580465117,209614,364,726.2636828948755,637.7561312360324,2115.807479069768,209614
175,2020-10-06,7482538,38591,46725.021052336095,41139.004092329604,127107.67475348838,210089,475,725.270752436857,633.525011931137,2106.855739534884,210089
176,2020-10-07,7527937,45399,47985.118016855435,42595.28076385912,129066.4125023256,210796,707,723.7261958604064,630.1504808780883,2129.0427906976743,210796
177,2020-10-08,7578063,50126,49266.314961384385,44144.96548752845,131090.40561860465,211706,910,721.8453169231533,627.6670581884293,2155.0856930232558,211706
178,2020-10-09,7637139,59076,50522.152688854665,45787.38344056235,132889.70173023254,212679,973,719.9496186748996,626.1077677335225,2133.6056186046517,212679
179,2020-10-10,7694152,57013,51717.701533167856,47521.68024673022,134706.04800000004,213645,966,718.4336224719372,625.5040611657073,2116.573134883721,213645
180,2020-10-11,7750083,55931,52832.84977063699,49346.82313819598,136382.1074604651,214299,654,717.723821240137,625.8857453533446,2102.5764093023254,214299
181,2020-10-12,7796893,46810,53863.992676310394,51261.60247444887,138094.53239069768,214743,444,718.2340505067313,627.2809136191968,2099.9104,214743
182,2020-10-13,7839136,42243,54824.0009725048,53264.63360566321,139972.7037767442,215132,389,720.3218679040931,629.7158807914484,2094.815218604651,215132
183,2020-10-14,7890390,51254,55740.521801345596,55354.35907815574,142596.4005209302,215917,785,724.2503847427761,633.2151220167048,2123.7482418604654,215917
184,2020-10-15,7949592,59202,56652.83188530023,57529.051172937514,145335.72401860467,216920,1003,730.1594143777585,637.8012158294223,2153.6561860465117,216920
185,2020-10-16,8014943,65351,57607.60489337423,59786.81477586752,147581.16982325583,217752,832,738.0488549585583,643.494791139708,2146.534102325581,217752
186,2020-10-17,8084164,69221,58654.05933677454,62125.59056552814,150187.4077767442,218681,929,747.7760062791814,650.3144784307879,2140.068093023255,218681
187,2020-10-18,8141904,57740,59839.00949375486,64543.158518731405,153045.3195534884,219471,790,759.067153286216,658.2768652536447,2135.4762790697678,219471
188,2020-10-19,8193061,51157,61202.34457514052,67037.14171200666,155111.32476279075,219893,422,771.5423656299512,667.3964561045457,2134.0983813953485,219893
189,2020-10-20,8260165,67104,62773.41050993387,69605.01042951946,157689.1252837209,220373,480,784.7511955500343,677.6856363685038,2141.814325581396,220373
190,2020-10-21,8322085,61920,64568.66953028273,72244.0865547865,161151.51136744188,221309,936,798.215923735987,689.1546411733686,2175.2868465116276,221309
191,2020-10-22,8384801,62716,66590.87509677483,74951.54823421125,165154.40167441865,222492,1183,811.478298271917,701.8115280677703,2218.0186418604653,222492
192,2020-10-23,8461142,76341,68829.83735583375,77724.4348096638,169242.52580465117,223331,839,824.1453960339298,715.6621547577879,2253.2805209302323,223331
193,2020-10-24,8544430,83288,71264.68346551304,80559.65200929691,172878.41953488372,224277,946,835.9303316546931,730.7101608644432,2249.159553488372,224277
194,2020-10-25,8628319,83889,73867.35488708084,83453.97738358004,176680.7631627907,225221,944,846.6840299136339,746.956954533558,2258.785748837209,225221
195,2020-10-26,8691501,63182,76606.94650834409,86404.06596737464,179747.29458604654,225645,424,856.4151100381345,764.4017030826155,2254.422995348837,225645
196,2020-10-27,8757728,66227,79454.39431386601,89406.45617138923,183281.83118139533,226145,500,865.2960211543506,783.0413286484536,2274.9507720930237,226145
197,2020-10-28,8835996,78268,82386.96963105688,92457.57587711282,187401.52253023259,227174,1029,873.6548113492632,802.8705078681105,2318.7925209302325,227174
198,2020-10-29,8914642,78646,85392.04442669416,95553.74873258702,191775.43776744188,228201,1027,881.953191519514,823.8816761294745,2362.9439255813954,228201
199,2020-10-30,9006320,91678,88469.65406974911,98691.20063133117,195890.1498790698,229213,1012,890.7527524278205,846.065036231302,2360.625748837209,229213
200,2020-10-31,9106774,100454,91633.49638580509,101866.0663514297,200218.8977860465,230257,1044,900.6722032097902,869.4085713947825,2375.037469767442,230257
201,2020-11-01,9197557,90783,94910.15870587272,105074.39637795907,204237.91918139535,231207,950,912.3392366012819,893.8980624236808,2396.4666418604656,231207
202,2020-11-02,9303323,105766,98336.54387587262,108312.16383691876,208113.29774883724,231702,495,926.3410328869063,919.517109299085,2412.2463627906977,231702
203,2020-11-03,9387302,83979,101955.65495827574,111575.27158491235,212462.59746976744,232221,519,943.1774657308918,946.247156795047,2444.3791627906976,232221
204,2020-11-04,9515628,128326,105811.07849146287,114859.559406534,217152.33759999994,233833,1612,963.2207767077814,974.067524082011,2505.5566883720926,233833
205,2020-11-05,9619184,103556,109940.65997776733,118160.8113085277,221327.1533395349,234982,1149,986.6848807681332,1002.955438662914,2559.717469767442,234982
206,2020-11-06,9749305,130121,114369.97714611971,121474.76291510629,226254.7197395349,236160,1178,1013.6066174634135,1032.8860738175858,2577.644279069767,236160
207,2020-11-07,9877396,128091,119106.27445750864,124797.10893172014,231512.06887441865,237399,1239,1043.8402567005812,1063.832590202027,2595.5640186046508,237399
208,2020-11-08,10009912,132516,124133.51901892645,128123.51066656699,236251.0647813954,238540,1141,1077.0654972029226,1095.7661809923875,2624.3994790697675,238540
209,2020-11-09,10134210,124298,129409.17177038801,131449.60359893925,240751.71832558146,239092,552,1112.8081553288703,1128.6561205312853,2653.0482976744183,239092
210,2020-11-10,10209733,75523,134863.14249075405,134771.00499699343,245828.95877209306,239849,757,1150.471817567912,1162.4698168939126,2690.747125581395,239849
211,2020-11-11,10354834,145101,140399.2223040113,138083.32152067413,251419.02883720933,241308,1459,1189.3779918417495,1197.1728671645121,2759.689376744186,241308
212,2020-11-12,10504221,149387,145899.07716217174,141382.15686052066,257535.76900465117,242805,1497,1228.8117888099055,1232.729116637625,2828.9024000000004,242805
213,2020-11-13,10666089,161868,151228.6579759548,144663.1193550519,263053.9572093023,244173,1368,1268.069917867976,1269.1007207001335,2863.9663255813953,244173
214,2020-11-14,10847215,181126,156246.65741841297,147921.82957842282,268859.8121302325,245372,1199,1306.5077912203164,1306.2482098417775,2897.4791441860466,245372
215,2020-11-15,11019459,172244,160814.4399983967,151153.92789580039,274436.00848372094,246745,1373,1343.5827679641338,1344.1305575931722,2933.0895627906975,246745
216,2020-11-16,11157216,137757,164806.70938895128,154355.0819751687,279521.07162790705,247532,787,1378.890994586058,1382.7052511122538,2975.091051162791,247532
217,2020-11-17,11316341,159125,168122.0706896725,157520.99422372362,284952.6785116279,248342,810,1412.19585228794,1421.9283640701142,3025.8929860465114,248342
218,2020-11-18,11480445,164104,170692.6062879912,160647.40914638634,291492.7867534884,250049,1707,1443.446643492943,1461.754632553626,3099.1188093023256,250049
219,2020-11-19,11653747,173302,172491.61773023184,163730.1206323295,297929.51661395346,251991,1942,1472.786780044524,1502.137532673573,3168.040558139535,251991
220,2020-11-20,11845577,191830,173538.7919206871,166764.9791048037,304102.7145302326,254032,2041,1500.5513227319545,1543.0293602910274,3224.708986046512,254032
221,2020-11-21,12047505,201928,173902.2213388511,169747.8985909334,310070.61983255815,255990,1958,1527.2542280437808,1584.3813134661068,3269.9427720930234,255990
222,2020-11-22,12229516,182011,173696.93249261804,172674.86364156049,315661.7793488372,257627,1637,1553.5660621528527,1626.1435752339275,3312.495702325581,257627
223,2020-11-23,12376095,146579,173079.8375530105,175541.93610512232,321482.0382139535,258686,1059,1580.2832400290524,1668.2653997714283,3355.807218604651,258686
224,2020-11-24,12547989,171894,172241.3008018173,178345.26177892703,327456.96026046516,259759,1073,1608.2900509476588,1710.695198467022,3419.025786046511,259759
225,2020-11-25,12725171,177182,171393.7822798477,181081.07686130606,334116.8367255814,261894,2135,1638.5148643478317,1753.3806282329365,3497.246400000001,261894
226,2020-11-26,12910268,185097,170758.26409974214,183745.71426088212,341206.10329302325,264151,2257,1671.8820028304865,1796.268680714505,3581.3101767441863,264151
227,2020-11-27,13028611,118343,170549.3604443012,186335.6096910979,347915.3246139535,265552,1401,1709.260853868503,1839.305772042832,3643.589879069767,265552
228,2020-11-28,13231677,203066,170960.14400034136,188847.30759187022,354314.0113488371,267106,1554,1751.4138951771008,1882.4378342754512,3694.8676093023264,267106
229,2020-11-29,13390420,158743,172147.77803075596,191277.46685824438,360476.1217488372,268464,1358,1798.9454467302105,1925.610406462206,3758.2558511627913,268464
230,2020-11-30,13531226,140806,174221.0188092575,193622.86629289738,366504.8503813953,269515,1051,1852.2531366485168,1968.7687269675807,3816.577190697674,269515
231,2020-12-01,13686970,155744,177230.54833619212,195880.40990580077,373339.84569302335,270827,1312,1911.4842636936955,2011.857825370174,3884.0892279069776,270827
232,2020-12-02,13881005,194035,181162.91894054343,198047.13196078356,380693.6926511628,273379,2552,1976.4994249107135,2054.8226155037487,3976.780241860465,273379
233,2020-12-03,14085509,204504,185938.65205641076,200120.20174384603,387193.01399069774,276209,2830,2046.8459089331907,2097.6079870057556,4068.446139534883,276209
234,2020-12-04,14309670,224161,191414.75034766976,202096.92813190297,394132.03739534883,279178,2969,2121.7433814081805,2140.1588982571575,4134.406362790697,279178
235,2020-12-05,14544983,235313,197391.57600793467,203974.76389605392,401152.906083721,281790,2612,2200.084255462383,2182.4204676671234,4187.207627906976,281790
236,2020-12-06,14766893,221910,203623.74081860034,205751.30970354524,407438.9014325581,284180,2390,2280.4508002417574,2224.3380649816136,4262.859795348837,284180
237,2020-12-07,14946112,179219,209834.3677980874,207424.31789961798,413368.5416186047,285583,1403,2361.150461906627,2265.857402349433,4332.745153488373,285583
238,2020-12-08,15136263,190151,215731.84077868285,208991.69601007164,419302.0758325582,287142,1559,2440.270043184579,2306.924623124486,4403.191144186046,287142
239,2020-12-09,15367212,230949,221027.9745856412,210451.50991218188,426566.07382325584,289725,2583,2515.7483256230503,2347.486391622382,4506.650827906978,289725
240,2020-12-10,15588347,221135,225456.42779755444,211801.98678113436,433729.184111628,292906,3181,2585.465468544515,2387.489979904299,4608.276613953489,292906
241,2020-12-11,15823022,234675,228790.15010278946,213041.51773644114,440240.8266418606,295892,2986,2647.3461550791694,2426.883354464833,4679.936483720931,295892
242,2020-12-12,16063279,240257,230856.70894033686,214168.66014251046,446807.87847441866,299273,3381,2699.4720787021283,2465.615260884829,4753.662139534883,299273
243,2020-12-13,16285443,222164,231550.4714268416,215182.13971933586,452641.4044651163,301806,2533,2740.1980921366367,2503.635307173582,4830.098344186047,301806
244,2020-12-14,16472147,186704,230840.8180165433,216080.852204087,457967.7743255814,303465,1659,2768.265301807853,2540.89404511377,4905.164427906978,303465
245,2020-12-15,16672776,200629,228775.8196880352,216863.86487917995,463918.4357581396,305114,1649,2782.903709826232,2577.343050078723,4986.52543255814,305114
246,2020-12-16,16894828,222052,225481.10286434356,217530.41766900138,468985.71419534885,308101,2987,2783.9167907258347,2612.934998531708,5098.015665116278,308101
247,2020-12-17,17135514,240686,221153.93564959295,218079.92398228278,475427.9485767442,311834,3733,2771.740722845554,2647.6237433903707,5210.598176744186,311834
248,2020-12-18,17372721,237207,216052.87440602906,218511.9712473527,479201.53521860467,315284,3450,2747.4719163942696,2681.364388064133,5258.308502325582,315284
249,2020-12-19,17621693,248972,210483.59097451172,218826.32116925763,484525.1697860466,318226,2942,2712.857986937888,2714.1133562961895,5335.901320930234,318226
250,2020-12-20,17824263,202570,204781.73978695166,219022.9096147106,488244.64513488376,320980,2754,2670.2493579453308,2745.828461228869,5412.949060465116,320980
251,2020-12-21,18009622,185359,199293.9057925643,219101.84624046754,492078.592744186,322749,1769,2622.511131486023,2776.468971267925,5486.795609302325,322749
252,2020-12-22,18199338,189716,194357.78773098,219063.41385358764,495641.2917581395,324546,1797,2572.8975881100264,2805.9956731563957,5567.050195348837,324546
253,2020-12-23,18401293,201955,190282.8107823524,218908.06739004367,499696.2706976745,327844,3298,2524.8944744048385,2834.37093209538,5685.223479069768,327844
254,2020-12-24,18627073,225780,187332.32693693865,218636.43264950352,506750.41041860473,331223,3379,2482.036895504074,2861.558749882105,5793.1668093023245,331223
255,2020-12-25,18831976,204903,185708.45436039718,218249.3047149452,509559.24599069764,334145,2922,2447.7129292113905,2887.524818392038,5860.142958139534,334145
256,2020-12-26,18940661,108685,185540.43684375894,217747.64610215812,512094.9608930233,335650,1505,2424.9648096927704,2912.236572361812,5926.347795348837,335650
257,2020-12-27,19159654,218993,186877.1831276866,217132.584612597,513835.8232558139,337563,1913,2416.300513888078,2935.663236897322,6001.363683720931,337563
258,2020-12-28,19314648,154994,189684.38832857445,216405.41087817587,514342.71851162775,339001,1438,2423.528692843162,2957.7758729538546,6086.851311627906,339001
259,2020-12-29,19481333,166685,193846.36250980487,215567.57566171803,515327.9620093022,340878,1877,2447.629055069641,2978.5474188501207,6161.814883720931,340878
260,2020-12-30,19683000,201667,199172.41195696694,214620.68692145933,518379.5055255815,344494,3616,2488.668533454031,2997.952729880364,6274.017748837209,344494
261,2020-12-31,19905949,222949,205407.35383927188,213566.50643140436,520087.113823256,348427,3933,2545.770930441277,3015.9686121931563,6386.657525581396,348427
262,2021-01-01,20164077,258128,212245.51015351224,212406.94647127352,521451.13637209294,351754,3327,2617.1443908498773,3032.5738553680803,6445.809562790697,351754
263,2021-01-02,20330344,166267,219347.33533779252,211144.06582564543,522204.13164651155,353948,2194,2700.1672151198827,3047.749261175632,6491.339572093024,353948
264,2021-01-03,20626223,295879,226357.69391226454,209780.06596945922,521757.822883721,356547,2599,2791.528465665611,3061.477666941438,6531.030660465116,356547
265,2021-01-04,20829873,203650,232924.7266969762,208317.28676592305,520601.691795349,357984,1437,2887.4158337333865,3073.7439693212245,6575.230846511628,357984
266,2021-01-05,21011519,181646,238718.22960780855,206758.2019069197,520566.4808186046,359964,1980,2983.739630138492,3084.535138983317,6638.461432558141,359964
267,2021-01-06,21242773,231254,243446.51703998348,205105.41430399593,522623.3391627908,363568,3604,3076.378830328295,3093.8402373881,6737.248000000003,363568
268,2021-01-07,21499615,256842,246870.848161023,203361.651158976,523069.0477023256,367492,3924,3161.4330916075664,3101.6504270506375,6836.154046511628,367492
269,2021-01-08,21788251,288636,248816.65161084852,201529.75874661066,523118.43851162784,371520,4028,3235.4637549915155,3107.958976269298,6870.824186046511,371520
270,2021-01-09,22091738,303487,249180.98203860671,199612.6973056879,522611.0137302327,375709,4189,3295.70715335062,3112.761266188352,6898.273265116277,375709
271,2021-01-10,22351272,259534,247935.868456554,197613.53529246768,526130.4662697674,378965,3256,3340.2450876618336,3116.05478799799,6978.143255813952,378965
272,2021-01-11,22564648,213376,245127.45610964144,195535.44384715962,524396.1229395351,381069,2104,3368.1200254566243,3117.839140617442,7048.479665116281,381069
273,2021-01-12,22775465,210817,240871.0864366137,193381.69097498598,525283.1560558139,382905,1836,3379.3862493063857,3118.116022903398,7130.621879069768,382905
274,2021-01-13,22994386,218921,235342.68992892656,191155.63541925614,527212.1329116279,387294,4389,3375.0925868974437,3116.8892236670727,7232.295739534883,387294
275,2021-01-14,23224228,229842,228767.07140549182,188860.7206764606,528175.8030139534,391312,4018,3357.1971733708174,3114.16460651169,7319.480818604651,391312
276,2021-01-15,23462271,238043,221403.83514437,186500.4685310568,526729.3865674419,395104,3792,3328.4195769255552,3109.950092644277,7331.187646511629,395104
277,2021-01-16,23709211,246940,213531.81935921838,184078.47287124622,524557.5384558141,398916,3812,3292.040193460262,3104.2556404326097,7325.51486511628,398916
278,2021-01-17,23917843,208632,205432.9792391661,181598.39302855398,521078.7738418604,402493,3577,3251.6607346813507,3097.093220519471,7310.366474418606,402493
279,2021-01-18,24094518,176675,197376.67172804696,179063.9472093751,516792.2748651162,404484,1991,3210.9425902106723,3088.4767879503347,7315.8596837209325,404484
280,2021-01-19,24235601,141083,189605.25311028285,176478.90588827658,513202.3169488372,406049,1565,3173.341600420501,3078.4222509120955,7334.094027906976,406049
281,2021-01-20,24399887,164286,182321.8051931169,173847.08488402845,512121.5785674417,408450,2401,3141.858184503227,3066.947438603832,7412.712669767441,408450
282,2021-01-21,24585281,185394,175680.6633726355,171172.33859356897,510289.24896744185,412892,4442,3118.8207809405903,3054.0720615302444,7482.569041860467,412892
283,2021-01-22,24777591,192310,169781.23882949445,168458.55327098496,505861.56885581405,417029,4137,3105.718235136232,3039.8176723559127,7489.720111627908,417029
284,2021-01-23,24967120,189529,164665.41848414275,165709.63983993485,501921.51464186027,420806,3777,3103.093274834253,3024.2076231771607,7459.482009302324,420806
285,2021-01-24,25141997,174877,160318.60279404736,162929.5271194351,497034.23106976756,424362,3556,3110.50480284017,3007.267018790125,7440.071255813953,424362
286,2021-01-25,25279828,137831,156674.21660566534,160122.15485421484,491667.4454697675,426220,1858,3126.56173551926,2989.022668037311,7394.756874418606,426220
287,2021-01-26,25421949,142121,153621.3158633903,157291.4666747892,487274.9933023256,427990,1770,3149.025898753454,2969.503032551338,7399.708539534883,427990
288,2021-01-27,25566731,144782,151014.72615179513,154441.40327442586,484945.9588093024,431972,3982,3174.976452820624,2948.73817098381,7457.887776744187,431972
289,2021-01-28,25721867,155136,148686.9994566437,151575.8953351257,481669.6171906976,436100,4128,3201.0238339107086,2926.759685947876,7516.620576744185,436100
290,2021-01-29,25889303,167436,146461.3725931786,148698.85681927516,476978.2418232559,439950,3850,3223.5576104748643,2903.6006599536327,7493.004018604651,439950
291,2021-01-30,26055141,165838,144164.86101107203,145814.17790451617,471027.64472558134,443549,3599,3239.0102265518285,2879.295598892992,7422.403199999999,443549
292,2021-01-31,26200811,145670,141640.62833153366,142925.71848094565,465158.7585860464,446450,2901,3244.117521364533,2853.8803665027554,7367.27456744186,446450
293,2021-02-01,26316240,115429,138758.83455479174,140037.3011818219,458426.0133209302,448407,1957,3236.1572512084467,2827.3921172935284,7341.328520930232,448407
294,2021-02-02,26445632,129392,135425.2802634344,137152.70497445203,454410.0142511628,450184,1777,3213.1485633506622,2799.8692320970763,7325.360744186049,450184
295,2021-02-03,26559499,113867,131587.3227229954,134275.65841481747,451347.84628837206,453717,3533,3173.9983437470996,2771.351246914855,7368.921823255814,453717
296,2021-02-04,26682606,123107,127236.73189083724,131409.83349645327,447928.6784000001,457634,3917,3118.584347714704,2741.8787811057914,7410.370455813954,457634
297,2021-02-05,26806544,123938,122409.36696429247,128558.83918656978,443665.379572093,461518,3884,3047.7697163564458,2711.493469574451,7359.391776744185,461518
298,2021-02-06,26938205,131661,117181.77269445948,125726.21522643148,437837.75754418614,465192,3674,2963.3485215252945,2680.2378806416955,7301.838920930233,465192
299,2021-02-07,27049141,110936,111665.00420756545,122915.42628489323,433174.9058604653,467929,2737,2867.9269858224975,2648.1554502378617,7270.552372093022,467929
300,2021-02-08,27141041,91900,105996.17499101203,120129.8558721945,434309.9952000001,469406,1477,2764.7496163422843,2615.290397130879,7324.91393488372,469406
301,2021-02-09,27226044,85003,100328.37207596209,117372.80084076765,428618.51780465123,470857,1451,2657.48333285454,2581.687650753853,7353.4934697674435,470857
302,2021-02-10,27320646,94602,94819.68487834594,114647.46572261474,426746.2701767442,473922,3065,2549.975486413855,2547.392771005651,7410.604465116279,473922
303,2021-02-11,27416458,95812,89622.14256776679,-4.377077752335892e-23,424107.03761860466,477328,3406,2446.003259406904,-6.087566275175612e-25,7440.782474418603,477328
304,2021-02-12,27522763,106305,84871.3460276961,-4.2842235117321836e-23,419246.38232558133,480520,3192,2349.032215766712,-6.133961821132938e-25,7363.632930232556,480520
305,2021-02-13,27622811,100048,80677.51542481517,107362.8506479406,412988.9841860465,483404,2884,2262.0007358686767,2441.7248422243547,7265.254995348835,483404
306,2021-02-14,27711665,88854,77118.55822875365,104826.6073668151,404454.1983255814,485700,2296,2187.144829928041,2405.7983181363356,7201.945227906978,485700
307,2021-02-15,27777996,66331,74235.60411076123,102334.699253684,401419.7898046512,486898,1198,2125.8745718640303,2369.4095452435786,7206.288893023254,486898
308,2021-02-16,27832657,54661,72031.2645384381,99889.58241408374,390343.3695255815,487847,949,2078.7094006814195,2332.6042620620747,7184.633488372094,487847
309,2021-02-17,27891261,58604,70470.67035682307,97493.59253114156,384773.9311627907,489491,1644,2045.275116838622,2295.428295788023,7233.265711627908,489491
310,2021-02-18,27961316,70055,69485.13565003857,95148.94129861213,380461.26414883725,491937,2446,2024.3608995532252,2257.927484920888,7248.262102325581,491937
311,2021-02-19,28032685,71369,68978.10613485286,92857.71324384352,373024.90734883724,494544,2607,2014.030427343908,2220.1476040164443,7162.765283720932,494544
312,2021-02-20,28110871,78186,68832.88945042576,90621.86242909021,363902.0144,497079,2535,2011.7775088392968,2182.134289292082,7055.675274418607,497079
313,2021-02-21,28184282,73411,68921.54484962323,88443.2098916441,352687.40844651166,499012,1933,2014.7137818777037,2143.932968930803,6939.959441860466,499012
314,2021-02-22,28242170,57888,69114.2395767928,86323.44078755428,340380.9992186046,500239,1227,2019.7742028645673,2105.5887819864156,6811.697599999999,500239
315,2021-02-23,28297003,54833,69288.36330637374,84264.10236357336,330615.3965395348,501440,1201,2023.9253283572114,2067.1465131779614,6738.193227906977,501440
316,2021-02-24,28369029,72026,69336.73078700257,82266.60187937153,323548.5764837209,503716,2276,2024.3618010444313,2028.6505173672472,6733.853804651162,503716
317,2021-02-25,28444040,75011,69174.29234176577,80332.20472635432,316541.3086139535,506980,3264,2018.6779196615967,1990.1446511627687,6746.344669767441,506980
318,2021-02-26,28522097,78057,68742.90419187056,78462.03300414744,308943.28814883716,509410,2430,2005.0035454301078,1951.672201772952,6601.247590697674,509410
319,2021-02-27,28600831,78734,68013.874454789,76657.06443297549,300578.4022325581,511565,2155,1982.0966609661064,1913.275821714963,6476.510027906977,511565
320,2021-02-28,28666895,66064,66988.18249105498,74918.13129080733,291595.5924837209,513085,1520,1949.388391215394,1874.9974597100313,6363.344260465116,513085
321,2021-03-01,28718761,51866,65694.45415362362,73245.91989929171,281930.09700465115,514192,1107,1906.9799371519075,1836.8782963757035,6246.468986046512,514192
322,2021-03-02,28773252,54491,64184.9485230276,71640.97008877738,274493.5655813954,515512,1320,1855.594379439283,1798.9586824585579,6141.672409302327,515512
323,2021-03-03,28830270,57018,62529.9591874776,70103.6754694776,268931.07255813957,517445,1933,1796.4894212414204,1761.2780764929455,6132.517060465117,517445
324,2021-03-04,28897467,67197,60811.1436723566,68634.28324736381,265486.0773953488,520026,2581,1731.3396391156102,1723.8749813955149,6148.817823255814,520026
325,2021-03-05,28965989,68522,59114.36010692991,67232.89494471165,260566.44256744193,521978,1952,1662.0985379908163,1686.786891667088,6113.232148837209,521978
326,2021-03-06,29032854,66865,57522.60639204626,65899.46730286021,254289.20029767446,523701,1723,1590.8515676232785,1650.0502374929,5951.021990697676,523701
327,2021-03-07,29092138,59284,56109.623947096814,64633.813223816236,247493.79709767443,525232,1531,1519.671232362364,1613.7003244535917,5804.931609302326,525232
328,2021-03-08,29134204,42066,54934.64965092915,63435.60307966422,240763.80338604655,525943,711,1450.4845623792999,1577.7712906598144,5678.291572093024,525943
329,2021-03-09,29178539,44335,54038.68366307924,62304.36646935986,234847.80007441854,526648,705,1384.9616244576332,1542.2960526078718,5562.930641860465,526648
330,2021-03-10,29234333,55794,53442.498237663356,61239.494147531674,231129.81998139535,528432,1784,1324.4315967926245,1507.3062585825674,5550.093358139535,528432
331,2021-03-11,29292571,58238,53146.4562715793,60240.240270987226,227095.65160930232,530004,1572,1269.83041337098,1472.832246059241,5541.983627906978,530004
332,2021-03-12,29355473,62902,53132.051899414975,59305.724673233955,222844.69942325584,531578,1574,1221.6813158272178,1438.9029998479662,5397.237209302326,531578
333,2021-03-13,29417547,62074,53364.94238232341,58434.93589372682,217898.63709767442,533009,1431,1180.1070505371974,1405.546109907106,5241.234306976745,533009
334,2021-03-14,29471138,53591,53799.122782497005,57626.73414214219,212124.67601860463,534006,997,1144.87011514601,1372.7877412346932,5099.952074418605,534006
335,2021-03-15,29509994,38856,54381.811920138505,56879.85416320196,206354.64855813957,534538,532,1115.4355585209632,1340.652592194993,4971.59408372093,534538
336,2021-03-16,29564758,54764,55058.576050483214,56192.90945891611,201740.1392372093,535238,700,1091.0494942450146,1309.1638718239471,4883.957953488372,535238
337,2021-03-17,29619140,54382,55778.21799061369,55564.39558767635,198918.54414883725,536499,1261,1070.8257719754993,1278.3432649352656,4852.811386046513,536499
338,2021-03-18,29678591,59451,56497.002587242416,54992.69431187862,195195.4674604651,537716,1217,1053.8331809490383,1248.210912813476,4832.055255813953,537716
339,2021-03-19,29739099,60508,57181.869276870726,54476.07791461141,192377.46027906975,539364,1648,1039.176100843851,1218.7853836029349,4702.667906976744,539364
340,2021-03-20,29801135,62036,57812.39072811579,54012.71359959591,188951.75144186048,540410,1046,1026.0625857126527,1190.0836652419982,4547.735367441861,540410
341,2021-03-21,29858153,57018,58381.36251493361,53600.66836326063,185420.8720372093,541183,773,1013.8553479836639,1162.1211343023613,4392.5900279069765,541183
342,2021-03-22,29893125,34972,58894.04046609864,53237.91375341712,181348.61529302326,541973,790,1002.1028571491082,1134.911557609021,4247.842195348837,541973
343,2021-03-23,29942607,49482,59366.16757816127,52922.331033849136,178492.4893395349,542506,533,990.5496247345566,1108.4670717085485,4158.46336744186,542506
344,2021-03-24,29995887,53280,59821.039880550656,52651.716600367436,176757.6256744186,543451,945,979.1265572884696,1082.7981802221636,4145.293097674419,543451
345,2021-03-25,30083118,87231,60285.94103861074,52423.78744061716,175414.29774883718,544986,1535,967.92387954569,1057.9137516983121,4133.252576744186,544986
346,2021-03-26,30151093,67975,60788.32215220691,52236.186788271145,173453.68368372094,546344,1358,957.1504416093618,1033.8210157506737,4021.4986418604644,546344
347,2021-03-27,30228638,77545,61352.11283041246,52086.489905835755,171385.73499534884,547512,1168,947.0841399273837,1010.5255650091631,3887.1864930232564,547512
348,2021-03-28,30290855,62217,61994.522409546924,51972.210534552476,168629.101172093,548326,814,938.0186519017316,988.0313696830071,3764.077804651162,548326
349,2021-03-29,30337215,46360,62723.62978818086,51890.80640459379,166197.77704186048,548776,450,930.2116966642157,966.3407722795537,3657.825562790697,548776
350,2021-03-30,30404512,67297,63536.97346338464,51839.685920891425,164409.09053023256,549430,654,923.8396154855739,945.4545126013397,3585.9825860465116,549430
351,2021-03-31,30465949,61437,64421.24899032075,51816.21436095737,163966.98827906974,550355,925,918.9622727945753,925.3717300760754,3580.545934883721,550355
352,2021-04-01,30532921,66972,65353.109713612976,51817.72092562157,164221.36558139537,551456,1101,915.5011972649063,906.0899967597668,3590.1417302325576,551456
353,2021-04-02,30612086,79165,66300.95911280384,51841.504533378014,164221.81592558144,552579,1123,913.232614045379,887.6053276240027,3556.877767441861,552579
354,2021-04-03,30683935,71849,67227.52971838758,51884.84113264589,163506.11650232557,553480,901,911.7956747847687,869.9122017449481,3473.5697488372093,553480
355,2021-04-04,30748182,64247,68092.97294806023,51944.9899828427,162681.00182325582,554251,771,910.7148819550906,853.0036020653579,3379.0038325581395,554251
356,2021-04-05,30784528,36346,68858.14264909076,52019.2012802101,161398.4654139535,554540,289,909.4345294496386,836.8710354435639,3287.209972093023,554540
357,2021-04-06,30858008,73480,69487.74592291271,52104.72206907734,160373.9825860465,555011,471,907.3620277164307,821.5045728004843,3230.929674418605,555011
358,2021-04-07,30919153,61145,69953.05804322647,52198.80393437615,160272.02805581398,555875,864,903.9163124026078,806.892870818283,3217.2581581395348,555875
359,2021-04-08,30994131,74978,70233.95087848924,52298.70933197443,160337.89849302324,558469,2594,898.5771892863637,793.0232282086467,3204.8019348837215,558469
360,2021-04-09,31074392,80261,70320.06029576802,52401.718827918536,159328.62768372096,559512,1043,890.9314575830809,779.8816175126203,3125.860204651163,559512
361,2021-04-10,31158729,84337,70211.00946355869,52505.13801997694,158105.02556279075,560422,910,880.7119654895637,767.4527227096537,2984.98943255814,560422
362,2021-04-11,31228021,69292,69915.70232888486,52606.304508192654,156655.58396279067,561146,724,867.8263501351332,755.719998010522,2893.4500837209307,561146
363,2021-04-12,31274462,46441,69450.79494752496,52702.59465627496,155118.81023255814,561431,285,852.3730441211685,744.6657133618182,2817.241525581396,561431
364,2021-04-13,31341417,66955,68838.53249116926,52791.42997317816,154322.9792372093,561883,452,834.6431238918343,734.2709947910812,2778.8760186046516,561883
365,2021-04-14,31420568,79151,68104.19881782724,52870.2844909125,154370.03136744187,562760,877,815.1076543982331,724.5158892523441,2765.2957023255813,562760
366,2021-04-15,31495884,75316,67273.45788648138,52936.69141885285,154236.3152,563696,936,794.3912705057699,715.379420532794,2738.5224930232557,563696
367,2021-04-16,31569789,73905,66369.86920575575,52988.24929276641,153927.81034418603,564601,905,773.2337519108981,706.8396305079,2674.0702511627906,564601
368,2021-04-17,31650171,80382,65412.83312829735,53022.62828451044,152968.4450232558,565462,861,752.4422263281904,698.8736673876265,2568.7766697674424,565462
369,2021-04-18,31704332,54161,64416.1693016835,53037.57745243837,151888.9968744186,566170,708,732.8373184983027,691.4578154590445,2500.593711627907,566170
370,2021-04-19,31747215,42883,63387.45874513373,53030.93009501098,150867.95136744186,566499,329,715.197007997339,684.567577201145,2445.20703255814,566499
371,2021-04-20,31813388,66173,62328.194633829735,53000.6096442931,150270.17071627904,567003,504,700.2021413474193,678.1777370620807,2400.523274418605,567003
372,2021-04-21,31874309,60921,61234.6979436756,52944.6364379001,150704.91404651164,567850,847,688.3874553842144,672.2624201672206,2405.6615813953485,567850
373,2021-04-22,31938130,63821,60099.67093351341,52861.13301437409,150982.49644651162,568739,889,680.1016182547439,666.7951638798618,2411.065004651163,568739
374,2021-04-23,32005123,66993,58914.192659859815,52748.329192303,150537.41853023256,569684,945,675.4792068728639,661.7489909858523,2350.055739534884,569684
375,2021-04-24,32067488,62365,57669.913443233694,52604.56790947777,149914.68584186045,570446,762,674.4267543741844,657.096470483254,2301.1972837209305,570446
376,2021-04-25,32121683,54195,56361.18430048848,52428.31002632574,148974.21588837207,571210,764,676.6240689270472,652.8097883851137,2251.5152,571210
377,2021-04-26,32155657,33974,54986.86495297972,52218.139103817026,148044.26999069768,571504,294,681.5410056102894,648.8608365124569,2209.626827906977,571504
378,2021-04-27,32201329,45672,53551.58929485157,51972.7669839618,147602.77291162792,571977,473,688.4688306326074,645.2212693705014,2193.6420837209303,571977
379,2021-04-28,32252062,50733,52066.326473422836,51691.03602406439,148038.96413023258,572653,676,696.5643182644351,641.8625692290748,2205.787237209302,572653
380,2021-04-29,32307150,55088,50548.152818732575,51371.92609269488,147482.65685581396,573647,994,704.9038297895271,638.7561447548796,2207.562455813954,573647
381,2021-04-30,32366064,58914,49019.23672292751,51014.55541717369,146921.28338604653,574540,893,712.5438992366513,635.8733858261862,2174.6328930232553,574540
382,2021-05-01,32424233,58169,47505.12612747749,50618.18611827517,146027.24130232556,575348,808,718.5843422384382,633.1857473423797,2143.8992,575348
383,2021-05-02,32470876,46643,46032.50732157372,50182.226749699184,145032.35181395346,576093,745,722.2296495487054,630.6648046811292,2085.9907348837205,576093
384,2021-05-03,32500951,30075,44626.66590303244,49706.23545246238,143904.42344186045,576414,321,722.8444482523313,628.2823633184967,2064.0178976744187,576414
385,2021-05-04,32549722,48771,43308.919300317,49189.921483698796,143049.8546976744,576887,473,719.9991175736752,626.0104974082237,2058.22351627907,576887
386,2021-05-05,32590522,40800,42094.30087603244,48633.14928531705,143518.66653023253,577799,912,713.502220714799,623.821628830919,2051.073153488372,577799
387,2021-05-06,32636200,45678,40989.75684144207,48035.93939883965,143079.17443720932,578612,813,703.4172297278054,621.6886308021935,2059.4430511627907,578612
388,2021-05-07,32683181,46981,39993.07053441244,47398.46938112883,142378.61562790698,579439,827,690.0620305115463,619.5848553150227,2042.319367441861,579439
389,2021-05-08,32731231,48050,39092.65846077485,46721.07709153676,139567.2653395349,580263,824,673.990838256697,617.4842400644839,1988.6725581395347,580263
390,2021-05-09,32765807,34576,38268.295746271375,46004.258340674234,137884.6352372093,580898,635,655.9593570712472,615.3613464356913,1944.9509953488375,580898
391,2021-05-10,32787895,22088,37492.733958001605,45248.67020737954,135568.50943255814,581137,239,636.8752007616984,613.1914479244929,1912.0051720930232,581137
392,2021-05-11,32823059,35164,36734.08122507089,44455.13094936911,134148.54452093024,581536,399,617.7366721910871,610.9506184325523,1900.1944186046514,581536
393,2021-05-12,32857120,34061,35958.73277918157,43624.61770175907,133667.56561860463,582236,700,599.5638969736643,608.6157440059619,1910.4448744186047,582236
394,2021-05-13,32893313,36193,35134.57800606916,42758.26824373801,131875.33573953487,583034,798,583.3269533110586,606.1646311741783,1908.1118511627908,583034
395,2021-05-14,32931842,38529,34234.17452600962,41857.37759763561,130405.60673488374,583824,790,569.8759780245812,603.5760486806917,1888.8884465116278,583824
396,2021-05-15,32973708,41866,33237.57480456188,40923.39919838572,128569.24807441862,584456,632,559.8782233534216,600.8298012512391,1858.5556093023251,584456
397,2021-05-16,33003316,29608,32134.517404630853,39957.940832366075,125941.74355348837,584985,529,553.7666772425526,597.9067828405637,1826.202232558139,584985
398,2021-05-17,33020753,17437,30925.751123520273,38962.76383951077,123711.30474418604,585249,264,551.7041545609671,594.7890238972623,1806.7589581395346,585249
399,2021-05-18,33048524,27771,29623.340802024766,37939.78025747919,121907.92160000005,585643,394,553.5657568658502,591.4597420233217,1794.78206511628,585643
400,2021-05-19,33076326,27802,28249.900899085093,36891.049854975594,121780.02667906978,586423,780,558.9413472621052,587.9034482588327,1812.1447069767441,586423
401,2021-05-20,33105813,29487,26836.807543094452,35818.775139632184,119353.96104186044,587107,684,567.1582787299257,584.1058928424441,1818.3173209302329,587107
402,2021-05-21,33135678,29865,25421.54136468579,34725.29993203082,117644.81506976747,587791,684,577.3231485326133,580.0541950451106,1800.1869023255813,587791
403,2021-05-22,33164233,28555,24044.40178949002,33613.105083589224,115062.38031627907,588426,635,588.3799359231657,575.7368796362898,1675.3461209302327,588426
404,2021-05-23,33184802,20569,22744.89958660846,32484.80220832135,112105.3185860465,588910,484,599.180623680446,571.1438688763183,1644.126734883721,588910
405,2021-05-24,33198229,13427,21558.17137204212,31343.130397644425,108843.51523720931,589100,190,608.5634062546463,566.2665639708803,1620.377265116279,589100
406,2021-05-25,33222717,24488,20511.763302140254,30190.948362708164,106453.70619534884,589538,438,615.4329323305599,561.097859932871,1607.5109953488372,589538
407,2021-05-26,33245791,23074,19623.100464729676,29031.233223987536,105436.93648372094,590185,647,618.83677752676,555.6321861335005,1621.3557209302326,590185
408,2021-05-27,33270340,24549,18897.89598493022,27867.070192349394,103141.61488372093,591162,977,618.0325243330562,549.8655206322715,1624.9542325581394,591162
409,2021-05-28,33297446,27106,18329.665305584225,26701.649221579137,100062.2610232558,592517,1355,612.5404387301304,543.7954279927612,1602.268055813954,592517
410,2021-05-29,33319412,21966,17900.404853370346,25538.25507859652,97196.41201860466,593057,540,602.1777395712919,537.4210504957232,1575.6595720930231,593057
411,2021-05-30,33332030,12618,17582.380621242224,24380.264198805948,94370.03564651165,593407,350,587.0717886759171,530.7431792226644,1550.354753488372,593407
412,2021-05-31,33339002,6972,17340.86224097565,23231.13457508405,91100.91438139537,593536,129,567.6510897346848,523.7642109736116,1527.1934883720928,593536
413,2021-06-01,33345017,6015,17137.542842861963,22094.39746421382,89411.51709767441,593694,158,544.6146547132325,516.4881887073402,1513.0030511627906,593694
414,2021-06-02,33366813,21796,16934.314071251923,20973.652364936264,88396.15073488372,594357,663,518.8819477278017,508.9207862461685,1521.877023255814,594357
415,2021-06-03,33383982,17169,16697.026446910488,19872.556632268293,85941.39456744185,594921,564,491.5271170365026,501.06934153377415,1519.9893953488372,594921
416,2021-06-04,33403066,19084,16398.862208256713,18794.816257585604,83784.0769488372,595560,639,463.70245372907397,492.94282061526746,1496.8790325581394,595560
417,2021-06-05,33420200,17134,16022.981678928898,17744.179494585504,81460.0959255814,596087,527,436.55686834459226,484.55181395801173,1470.839665116279,596087
418,2021-06-06,33434775,14575,15564.172302675126,16724.425491682086,78904.27884651163,596668,581,411.1555799992558,475.9085453646835,1440.7747720930229,596668
419,2021-06-07,33440527,5752,15029.325531111203,15739.3555392107,76599.87542325581,596825,157,388.4071280698894,467.02685127570794,1421.419869767442,596825
420,2021-06-08,33455478,14951,14436.681649739081,14792.784996043047,74790.7601116279,597138,313,369.0032448881287,457.9221444851637,1401.5446325581397,597138
421,2021-06-09,33468591,13113,13813.905273237799,13888.530219885339,74215.74481860465,597469,331,353.37611029012226,448.6114092828525,1410.243981395349,597469
422,2021-06-10,33487580,18989,13195.172575587363,13030.403163868352,72932.96450232559,597949,480,341.6761238280458,439.11316853058725,1407.9745860465116,597949
423,2021-06-11,33501944,14364,12617.553516553598,12222.19765359179,71345.2559255814,598367,418,333.77168821091607,429.4474490173352,1393.0927255813954,598367
424,2021-06-12,33526778,24834,12117.047957698409,11467.67912638819,69538.22690232558,598906,539,329.270731205097,419.63572373490206,1358.5696372093023,598906
425,2021-06-13,33535542,8764,11724.675657227996,10770.578849449808,67474.72863255814,599182,276,327.5619478534776,409.7009443986417,1329.6401488372094,599182
426,2021-06-14,33540806,5264,11463.022004820246,10134.57788202117,65433.524874418596,599286,104,327.872165335714,399.66740899983597,1305.3675162790696,599286
427,2021-06-15,33552936,12130,11343.603116428123,9563.29914024526,64121.29473488374,599465,179,329.33495140060074,389.56076456924256,1284.5859348837212,599465
428,2021-06-16,33563839,10903,11365.338618614023,9060.298022856674,63843.73637209302,599799,334,331.06471231648965,379.40795923375254,1289.6747534883723,599799
429,2021-06-17,33576409,12570,11514.314894056695,8629.04945520285,62444.07371162791,600183,384,332.2301323278327,369.2371497975714,1285.4569302325583,600183
430,2021-06-18,33587045,10636,11764.89563072523,8272.936201412074,61556.25938604652,600500,317,332.12092784736484,359.0776928474761,1254.1343255813954,600500
431,2021-06-19,33608403,21358,12082.102307564957,7995.244822523444,60472.53120000001,601114,614,330.20251639871964,348.9600140305256,1228.8733395348836,601114
432,2021-06-20,33616907,8504,12425.057893531874,7799.147348128088,59299.45600000003,601289,175,326.15427957968933,338.91560416833545,1202.2846511627909,601289
433,2021-06-21,33621409,4502,12751.175438820641,7687.695867703678,58057.7715348837,601359,70,319.8885387708994,328.97693971563194,1175.4464000000003,601359
434,2021-06-22,33633014,11605,13020.690799130922,7663.810007048673,57695.84751627908,601624,265,311.5490382151908,319.17735676012535,1159.905637209302,601624
435,2021-06-23,33643843,10829,13201.09420784591,7730.266455894169,58150.53748837209,601975,351,301.48949777847815,309.5510347646582,1168.6855813953487,601975
436,2021-06-24,33656992,13149,13271.01399100736,7889.69023952213,57853.689265116285,602374,399,290.2345041331962,300.13286165533873,1167.8322604651162,602374
437,2021-06-25,33670638,13646,13223.14846586724,8144.545515654452,57678.2430883721,602714,340,278.4265062535849,290.95847031185986,1148.5395720930233,602714
438,2021-06-26,33695032,24394,13065.925719444873,8497.122432348002,57528.071330232546,603237,523,266.7638390310114,282.0639286814694,1123.5401674418604,603237
439,2021-06-27,33703740,8708,12823.688193291719,8949.53072938104,57243.32584186046,603394,157,255.93541720978357,273.4858573499564,1098.6439813953486,603394
440,2021-06-28,33708052,4312,12535.339028499664,9503.689744876388,56745.805804651165,603464,70,246.5579590787143,265.2612600156517,1082.987981395349,603464
441,2021-06-29,33722586,14534,12251.536720724127,10161.31773275679,57099.657562790715,603616,152,239.12129809642119,257.42744000924495,1073.5781209302327,603616
442,2021-06-30,33729380,6794,12030.6693579164,10923.927672435453,58266.84576744187,603953,337,233.946549542683,250.02182627842785,1080.704446511628,603953
443,2021-07-01,33745682,16302,11933.96529660657,11792.81458427732,58896.63832558139,604248,295,231.16069062306525,243.08205207419496,1080.1996651162794,604248
444,2021-07-02,33760081,14399,12020.190875690589,12769.047792668927,59605.365544186054,604534,286,230.68959569854545,236.6456139475472,1056.3901023255817,604534
445,2021-07-03,33789453,29372,12340.437802760029,13853.468523418725,60353.34623255813,604969,435,232.26988046102517,230.75000676280388,1038.680334883721,604969
446,2021-07-04,33794152,4699,12933.5071583732,15046.672949259826,61092.175813953494,605051,82,235.47820216577784,225.43246237010044,1020.6665674418606,605051
447,2021-07-05,33797976,3824,13822.352038623336,16349.021222451407,61920.21030697676,605089,38,239.7750912400929,220.7298778510758,1005.3074976744186,605089
448,2021-07-06,33806811,8835,15011.949931481855,17760.609045263987,63374.373097674405,605211,122,244.55909413446437,216.67874706264865,999.5314976744185,605211
449,2021-07-07,33830194,23383,16488.84675980607,19281.286514401494,65361.330530232546,605524,313,249.22610440266726,213.31498030997454,1012.2231441860467,605524
450,2021-07-08,33852875,22681,18222.458751891485,20910.634477421387,66770.60948837211,605845,321,253.2283291531033,210.67394403336266,1010.3574325581394,605845
451,2021-07-09,33871889,19014,20168.05036727567,22647.96985447447,68360.71047441862,606093,248,256.12741853886945,208.79007933732373,996.5862325581396,606093
452,2021-07-10,33919392,47503,22271.142341547267,24492.334858673974,70017.44401860464,606555,462,257.6368676082917,207.69717422664326,963.1052279069768,606555
453,2021-07-11,33927784,8392,24472.95942601124,26442.501957291282,71546.60997209302,606638,83,257.6498276168825,207.42783686284338,906.064223255814,606638
454,2021-07-12,33938937,11153,26716.41693799203,28496.961140200896,73398.47758139535,606747,109,256.24984204194703,208.01372596612873,898.3136372093026,606747
455,2021-07-13,33972570,33633,28952.08019161819,30653.92637854288,75977.63337674417,606986,239,253.70362327756325,209.48524812235746,902.8467720930232,606986
456,2021-07-14,33998944,26374,31143.51851624262,32911.33077971359,79006.21853023257,607345,359,250.43666127575125,211.87149951107813,921.7308279069769,607345
457,2021-07-15,34032078,33134,33271.51826426384,35266.82420966203,82208.51918139536,607677,332,246.99405052769495,215.2002299079204,939.7933767441862,607677
458,2021-07-16,34062046,29968,35336.71411808807,37717.77525692593,84566.3198511628,608003,326,243.99028962215206,219.49758581121796,928.253395348837,608003
459,2021-07-17,34139526,77480,37360.33723616391,40261.274754006765,87365.50448372093,608361,358,242.05282221682867,224.7881793319616,923.5512930232559,608361
460,2021-07-18,34151385,11859,39382.9500487853,42894.125623848,90078.08022325582,608428,67,241.7646564595472,231.09487650458777,914.2757581395352,608428
461,2021-07-19,34171360,19975,41461.22524158351,45612.86177331307,92927.01763720928,608601,173,243.6114699739599,238.43871482186023,911.6288372093028,608601
462,2021-07-20,34223507,52147,43663.01318449267,48413.7380524131,96104.54511627907,608801,200,247.9381739707835,246.83885141916653,906.535069767442,608801
463,2021-07-21,34264077,40570,46061.11006019213,51292.740121052964,99935.53120000001,609093,292,254.91901407255446,256.3123019346317,928.1296744186044,609093
464,2021-07-22,34314662,50585,48726.27192974657,54245.58761392665,103339.67866046513,609445,352,264.54401114219013,266.8741551867738,941.4561860465119,609445
465,2021-07-23,34369328,54666,51720.104656265,57267.736972709725,106970.08271627907,609739,294,276.6230119264956,278.5372123919042,955.5419906976747,609739
466,2021-07-24,34488723,119395,55088.487017601576,60354.39117860483,110396.36066976743,610299,560,290.8069697529939,291.31212517564927,961.6205767441861,610299
467,2021-07-25,34513904,25181,58856.15074750576,63500.50549891318,114142.73719069769,610418,119,306.6244635412897,305.2069600746331,971.6016744186046,610418
468,2021-07-26,34539538,25634,63022.94861112077,66700.79470830996,117266.05864186044,610503,85,323.5300389613836,320.22757770720364,974.1128558139535,610503
469,2021-07-27,34626059,86521,67562.1975075286,69949.74487709001,121415.43099534884,610768,265,340.95985091760014,336.3772151958501,992.8364279069768,610768
470,2021-07-28,34694802,68743,72421.3005447344,73241.61556275719,125961.53395348835,611218,450,358.38940382823597,353.65657872412066,1023.4527627906978,611218
471,2021-07-29,34764242,69440,77524.64647934292,76570.45554089619,130211.00855813957,611599,381,375.3879880108401,372.0638122842038,1050.9930418604656,611599
472,2021-07-30,34843532,79290,82778.57567940094,79930.11463490671,134640.42500465116,611926,327,391.66471411293145,391.59427944439176,1071.194195348837,611926
473,2021-07-31,35031603,188071,88078.0083408633,83314.25757104583,139121.09160930236,612799,873,407.1018232973438,412.2406526216241,1089.8025302325582,612799
474,2021-08-01,35064263,32660,93314.17138820855,86716.36115297631,143760.7537488372,612952,153,421.77212513737555,433.99281827971345,1112.807553488372,612952
475,2021-08-02,35107201,42938,98382.75073289385,90129.7528913896,147761.55564651164,613165,213,435.9388772434965,456.83788857979243,1117.5421767441862,613165
476,2021-08-03,35227411,120210,103191.74636208214,93547.60441214172,152716.06634418608,613526,361,450.0380333783699,480.76004446880233,1150.3953860465115,613526
477,2021-08-04,35330610,103199,107668.32459223822,96962.95816396344,158014.06310697674,614110,584,464.6443995515421,505.7406897189694,1190.9454511627907,614110
478,2021-08-05,35427279,96669,111764.04415170832,100368.73727855412,162992.5876837209,614643,533,480.424700367328,531.7582670776933,1221.4076651162788,614643
479,2021-08-06,35538202,110923,115457.97382064447,103757.76414272444,168120.57774883724,615147,504,498.0817356275683,558.7883287046589,1248.8397767441863,615147
480,2021-08-07,35793497,255295,118757.40683140678,107122.77636355956,173245.8820093023,616301,1154,518.2945923068172,586.8035299313206,1274.800669767442,616301
481,2021-08-08,35842571,49074,121696.09428124256,110456.45318201002,178374.07992558143,616549,248,541.6601995482724,615.773759795482,1304.755274418605,616549
482,2021-08-09,35870455,27884,124330.14660133103,113751.41497662551,182859.49387906975,616663,114,568.6413483251775,645.6656920556957,1323.4427906976744,616663
483,2021-08-10,36050118,179663,126731.96765939455,117000.26660527306,188430.24085581396,617169,506,599.5256631693751,676.4434011565882,1365.9377488372095,617169
484,2021-08-11,36171292,121174,128982.77012735487,120195.59878787074,194351.2241116279,618033,864,634.3989752219353,708.0680454280036,1415.3377488372096,618033
485,2021-08-12,36327655,156363,131164.35579215703,123330.01475018171,199734.55155348836,618813,780,673.1352057752941,740.4979616666374,1461.6560372093024,618813
486,2021-08-13,36469774,142119,133350.9173682105,126396.15348514015,205673.0812651163,619825,1012,715.4033570485901,773.6887378565948,1498.7977674418605,619825
487,2021-08-14,36699694,229920,135601.62158500662,129386.70897300921,211147.06645581397,620881,1056,760.6906667797366,807.5931859291918,1540.040669767442,620881
488,2021-08-15,36749123,49429,137954.665807932,132294.4500074415,216762.53607441863,621135,254,808.3395609436756,842.1615606303781,1582.160930232558,621135
489,2021-08-16,36791196,42073,140423.367750377,135112.23796954227,221480.8677581395,621311,176,857.5948670817601,877.3414751441019,1615.280669767442,621311
490,2021-08-17,37010611,219415,142994.66166773194,137833.06914688137,227815.74418604656,622364,1053,907.6569361430619,913.0780038968471,1671.4817860465116,622364
491,2021-08-18,37163450,152839,145630.15164926162,140450.07614681806,234279.85949767442,623392,1028,957.7359342460735,949.3138313946899,1732.1410976744187,623392
492,2021-08-19,37322073,158623,148269.6337236181,142956.55118218908,240520.3128186047,624567,1175,1007.1026356687053,985.9894095164984,1789.453581395349,624567
493,2021-08-20,37479311,157238,150836.76568907817,145345.99294436513,245937.45283720933,626348,1781,1055.1315579975646,1023.0427922226945,1836.9086883720931,626348
494,2021-08-21,37724960,245649,153246.3587644152,147612.09667335352,251489.32141395356,627826,1478,1101.3331700940628,1060.4100539226079,1885.1598511627906,627826
495,2021-08-22,37791527,66567,155412.60783718576,149748.80078639643,257280.73916279068,628364,538,1145.3730770427042,1098.0252041584056,1938.1958325581395,628364
496,2021-08-23,37827906,36379,157257.4825228174,151750.3003428394,261335.12989767446,628534,170,1187.0774203811113,1135.8205301157752,1978.231218604651,628534
497,2021-08-24,38065326,237420,158718.4789717821,153611.08416096843,267871.092427907,629919,1385,1226.4250892003765,1173.7263651289722,2042.6891162790696,629919
498,2021-08-25,38222448,157122,159754.98521732513,155325.92541995607,274300.0271627907,631341,1422,1263.5285802836524,1211.6716384523684,2106.836651162791,631341
499,2021-08-26,38391877,169429,160352.63665788312,156889.9421881802,279416.7013581396,632831,1490,1298.6063490115014,1249.5839187706147,2164.769860465116,632831
500,2021-08-27,38576316,184439,160525.22211884896,158298.58270547912,285027.15851162793,635052,2221,1331.9501591311625,1287.3893351388379,2216.904446511628,635052
501,2021-08-28,38819889,243573,160313.92817820318,159547.69461197982,290292.5947534884,636774,1722,1363.8912065724242,1325.0129473594761,2271.741804651163,636774
502,2021-08-29,38881157,61268,159783.9591516639,160633.4922549819,295750.85890232556,637394,620,1394.7686405869524,1362.3790889775908,2326.974362790698,637394
503,2021-08-30,38923471,42314,159018.81905930306,161552.61572828912,298291.2101581395,637665,271,1424.9035592645569,1399.4111731140563,2380.3228279069767,637665
504,2021-08-31,39182754,259283,158112.76660425638,162302.12496656808,304886.7913302325,639429,1764,1454.5806824608032,1436.0321275262024,2452.1488372093027,639429
505,2021-09-01,39354028,171274,157162.1332773776,162879.5507265239,311049.9968372093,640872,1443,1484.0388048773486,1472.1647541285217,2519.070548837209,640872
506,2021-09-02,39556341,202313,156256.31081143624,163282.87695632677,315306.22731162794,642906,2034,1513.4699314837405,1507.7313694476422,2586.4885581395347,642906
507,2021-09-03,39731420,175079,155469.25573152647,163510.58526418934,320298.72457674425,645859,2953,1543.0258340250457,1542.6546516625262,2649.62016744186,645859
508,2021-09-04,39967014,235594,154852.32095980024,163561.64739442558,324724.1720558139,647827,1968,1572.829775281113,1576.857424219199,2710.1437395348835,647827
509,2021-09-05,40036399,69385,154429.1100135444,163435.56406720303,328887.3212651163,648433,606,1602.9904438434646,1610.2631724766416,2774.319553488372,648433
510,2021-09-06,40080358,43959,154192.86819968835,163132.36308690155,329052.53324651165,648812,379,1633.6148130844729,1642.795999893817,2822.22783255814,648812
511,2021-09-07,40158424,78066,154106.6936466334,162652.62059171568,335002.2169302326,649402,590,1664.8167303384264,1674.3810777092606,2898.147944186047,649402
512,2021-09-08,40423853,265429,154106.59022863582,161997.45406410127,340963.4632186047,651536,2134,1696.7185568792218,1704.9446225413462,2977.582437209302,651536
513,2021-09-09,40606886,183033,154107.1186016098,161168.55941542698,343226.26883720927,653814,2278,1729.4440698105432,1734.41473467288,3048.1479069767443,653814
514,2021-09-10,40766790,159904,154009.1555828536,160168.19603996543,346577.15761860466,657097,3283,1763.1020138633626,1762.7206470439214,3108.549879069768,657097
515,2021-09-11,40995214,228424,153709.06926557253,158999.20988401998,349903.84870697674,659528,2431,1797.7610296147602,1789.7940279807103,3174.216,659528
516,2021-09-12,41064421,69207,153108.47704383582,157665.00174139958,352596.0182697674,660302,774,1833.41803714627,1815.5683675387006,3243.2918697674418,660302
517,2021-09-13,41104220,39799,152123.68993221316,156169.58945479835,348553.6624,660615,313,1869.9633649181096,1839.9797411164327,3278.703627906977,660615
518,2021-09-14,41356276,252056,150693.9659544368,154517.55882405976,354019.4714046511,662809,2194,1907.1468350039188,1862.966956004045,3358.8217674418615,662809
519,2021-09-15,41502458,146182,148787.79695788867,152714.0645657222,358878.5989209302,664736,1927,1944.5495241083718,1884.4714967863774,3436.2809674418604,664736
520,2021-09-16,41673036,170578,146406.62826445771,150764.8538254531,359025.9342883721,667502,2766,1981.5659291568552,1904.4384748570794,3505.9521116279066,667502
521,2021-09-17,41828544,155508,143585.64338323625,148676.24510811703,360189.40096744185,670963,3461,2017.400739322972,1922.8156953812827,3562.952818604652,670963
522,2021-09-18,42037414,208870,140391.5152958507,146455.10219030973,361747.7028465117,673409,2446,2051.0833702282816,1939.5552350735786,3623.9005767441854,673409
523,2021-09-19,42097895,60481,136917.30665775258,144108.8339698749,362383.31170232553,674324,915,2081.5019229900263,1954.6126667271258,3686.502660465116,674324
524,2021-09-20,42137416,39521,133274.96739304994,141645.42380247105,354082.5280744186,674648,324,2107.4564134962625,1967.9479216449204,3708.9237209302314,674648
525,2021-09-21,42332303,194887,129586.10448680168,139073.32662609365,358367.0270139535,677004,2356,2127.7291388307913,1979.5248917814918,3787.152818604651,677004
526,2021-09-22,42453959,121656,125971.86369951203,136401.51773947128,363970.4250046512,679359,2355,2141.168097180857,1989.3122970022716,3874.351330232558,679359
527,2021-09-23,42587085,133126,122542.85042753031,133639.44997163163,360278.4340837209,682204,2845,2146.777652239863,1997.2835437625097,3938.7463069767446,682204
528,2021-09-24,42713558,126473,119390.01813947134,130797.01901502871,360114.7498790698,685471,3267,2143.809319734489,2003.4169537337857,3981.6081860465115,685471
529,2021-09-25,42890462,176904,116577.36691399368,127884.56389084157,357768.9770046512,687955,2484,2131.8448093788284,2007.6956988168272,4030.521786046512,687955
530,2021-09-26,42941329,50867,114137.12897803908,124912.78826323496,356212.0176744186,688708,753,2110.8633911587945,2010.1085936063905,4064.9140837209306,688708
531,2021-09-27,42989401,48072,112067.88777843617,121892.77958833505,349179.1763348837,689226,518,2081.2863221167536,2010.649857659469,4095.998437209302,689226
532,2021-09-28,43158782,169381,110335.80324726681,118835.93855143893,353164.65451162786,691598,2372,2043.9924536387214,2009.3191247566444,4176.557730232557,691598
533,2021-09-29,43270161,111379,108878.82408444639,115753.94278667321,357624.411572093,694158,2560,2000.3011560918912,2006.122004220373,4262.779199999999,694158
534,2021-09-30,43393578,123417,107613.48555817157,112658.74245160223,351213.8221767443,696770,2612,1951.921200351483,2001.0697329407044,4296.118809302326,696770
535,2021-10-01,43503534,109956,106443.64535070707,109562.45401822373,348782.24919069774,699566,2796,1900.8670245525668,1994.1798075428055,4330.822883720931,699566
536,2021-10-02,43656413,152879,105270.32399875182,106477.3579521763,345990.46731162793,701701,2135,1849.3466533946878,1985.4755408882204,4357.538120930232,701701
537,2021-10-03,43698901,42488,104001.70867622324,103415.8476630135,343200.7179906976,702439,738,1799.6281748264955,1974.9865475246108,4346.500800000001,702439
538,2021-10-04,43739479,40578,102562.36037926967,100390.32716633566,334883.3670697675,702916,477,1753.8938700676363,1962.7485442452548,4352.962567441861,702916
539,2021-10-05,43894443,154964,100900.7375734215,97413.22561194176,337505.5013953488,704950,2034,1714.0926223656631,1948.8034701648774,4417.120706976745,704950
540,2021-10-06,43991654,97211,98994.30792613432,94496.89614746076,341999.48673488374,706856,1906,1681.8019326561134,1933.1994724071665,4504.464855813954,706856
541,2021-10-07,44102409,110755,96851.74953198712,91653.58319870435,334181.31441860466,709485,2629,1658.1106485874504,1915.9913392240078,4518.129302325581,709485
542,2021-10-08,44202952,100543,94512.02274827412,88895.2983774078,331212.1761116279,711962,2477,1643.532347769294,1897.2392345333478,4529.453655813954,711962
543,2021-10-09,44329423,126471,92040.39709004016,86233.83615679413,327463.9685209302,713795,1833,1637.957269967705,1877.0101130547062,4536.845097674418,713795
544,2021-10-10,44359865,30442,89521.81570810456,83680.66977145328,322702.19665116275,714164,369,1640.6479094507367,1855.3766206403511,4498.469693023256,714164
545,2021-10-11,44396066,36201,87052.2440561184,81246.85019468273,314199.67862325587,714609,445,1650.2800703762218,1832.4176188034926,4489.3122232558135,714609
546,2021-10-12,44500535,104469,84728.85358718177,78943.01372920281,316844.5323534884,715786,1177,1665.0276201602417,1808.2174874455723,4547.596093023256,715786
547,2021-10-13,44606902,106367,82640.01523076293,76779.26320905803,320677.3905116279,718138,2352,1682.6856437857916,1782.866345252366,4627.838660465115,718138
548,2021-10-14,44728475,121573,80856.10791539206,74765.06478028417,311214.1320930232,721362,3224,1700.823506708664,1756.459559732493,4617.248855813955,721362
549,2021-10-15,44814853,86378,79422.08020768684,72909.28035174946,307003.85652093036,723503,2141,1716.956754724163,1729.0980008638264,4625.431404651163,723503
550,2021-10-16,44924651,109798,78352.54321845314,71219.94833010533,300799.62161860464,725326,1823,1728.7250486897085,1700.8874171780953,4596.436167441861,725326
551,2021-10-17,44959269,34618,77629.93423444561,69704.37522277786,296144.9263255814,725798,472,1734.0626151151675,1671.937958607942,4509.625079069767,725798
552,2021-10-18,44990381,31112,77205.99480475568,68368.94634981747,287673.3420651163,726224,426,1731.3480711302893,1642.3642827889505,4481.396911627907,726224
553,2021-10-19,45095141,104760,77006.48182020322,67219.07923520051,289397.73752558144,728039,1815,1719.5219423108558,1612.285188192377,4536.941953488373,728039
554,2021-10-20,45176088,80947,76938.70636608773,66259.19503554207,292719.97041860473,730171,2132,1698.1626290400984,1581.8226203563243,4607.04223255814,730171
555,2021-10-21,45267544,91456,76901.20413425258,65492.648298361295,294011.1962790698,733371,3200,1667.5148005483784,1551.102189173137,4665.282976744186,733371
556,2021-10-22,45346444,78900,76794.61174908678,64921.60889590582,283820.89570232556,735355,1984,1628.4679442494012,1520.2520772273026,4630.827051162792,735355
557,2021-10-23,45441599,95155,76532.67898074104,64547.06705856396,278619.4578232558,737248,1893,1582.486761767063,1489.4026234226194,4587.088520930233,737248
558,2021-10-24,45470475,28876,76052.30333351028,64368.760194727205,274754.4428279069,737754,506,1531.4989504452876,1458.6857696945756,4480.283423255814,737754
559,2021-10-25,45487903,17428,75321.53746338715,64385.061648939445,266595.55862325587,737966,212,1477.749315277175,1428.2349708204429,4423.6750883720915,737966
560,2021-10-26,45604266,116363,74344.68775572604,64593.07813597405,268197.0482976744,739435,1469,1423.63183151761,1398.1842813232813,4468.242195348837,739435
561,2021-10-27,45672977,68711,73163.88067460265,64988.525608886994,271637.4827534884,741047,1612,1371.5129941991995,1368.6677582079794,4541.754344186047,741047
562,2021-10-28,45773873,100896,71856.79977348683,65565.62761369307,262100.1169116279,743120,2073,1323.5604003344106,1339.8181625179272,4500.562344186047,743120
563,2021-10-29,45851417,77544,70530.66114915327,66317.24016223737,258980.25328372093,744960,1840,1281.5899607388556,1311.768117358061,4475.246213953489,744960
564,2021-10-30,45944990,93573,69312.86488038038,67234.77611003013,254378.32602790694,746690,1730,1246.9434792601432,1284.6473785013166,4398.458641860466,746690
565,2021-10-31,45976632,31642,68339.09958132039,68308.18110260373,250618.8746790698,747040,350,1220.4057122210004,1258.5830690237556,4277.261618604651,747040
566,2021-11-01,46007627,30995,67739.95354008695,69525.98507547646,243467.34749767437,747259,219,1202.1666585538012,1233.699376255353,4216.047330232558,747259
567,2021-11-02,46123246,115619,67627.27102846248,70875.3352972446,245295.112855814,748530,1271,1191.8310239274579,1210.1153796773222,4247.270958139535,748530
568,2021-11-03,46194338,71092,68081.56610590011,72341.986405018,248369.3057860465,749807,1277,1188.4728809201433,1187.9457998656853,4314.198325581395,749807
569,2021-11-04,46278912,84574,69141.75832802463,73910.43720786998,241859.46533953492,751770,1963,1190.729851688042,1167.2991923511331,4255.914455813954,751770
570,2021-11-05,46360729,81817,70798.32599822787,75563.8955307134,239716.06173023258,752964,1194,1196.927988046455,1148.277358418094,4196.026455813954,752964
571,2021-11-06,46456839,96110,72990.6950113317,77284.55087324511,236781.1651348837,755080,2116,1205.22618513927,1130.9747916389156,4104.335106976744,755080
572,2021-11-07,46489730,32891,75609.31737231494,79053.44488968834,234161.3574697674,755504,424,1213.767633945155,1115.47707885662,3984.676465116281,755504
573,2021-11-08,46525045,35315,78502.47415111639,80850.89753075923,228350.27799069762,755665,161,1220.8255986746492,1101.8610804905823,3910.8680930232567,755665
574,2021-11-09,46637371,112326,81487.39990818998,82656.33552072241,230166.28632558137,756928,1263,1224.9317013046227,1090.1931174490708,3941.7721674418613,756928
575,2021-11-10,46717683,80312,84364.90913259891,84448.85458953562,232118.2448744186,758405,1477,1224.976810387314,1080.5286440400691,3986.598027906976,758405
576,2021-11-11,46812691,95008,86936.34874160276,86207.14074940614,226574.86779534884,760080,1675,1220.277376898703,1072.9115530031927,3917.0237395348854,760080
577,2021-11-12,46868208,55517,89021.43854253709,87909.82369043701,224479.26995348846,760888,808,1210.6033744347308,1067.3717713867695,3834.2091906976752,760888
578,2021-11-13,47014749,146541,90475.42045581817,89535.8569056346,221564.50876279062,763405,2517,1196.167573041827,1063.9268330110497,3746.386418604651,763405
579,2021-11-14,47055752,41003,91203.93370740084,91064.6686110893,219390.4400372093,763902,497,1177.5793730190749,1062.5795661648467,3645.3997395348824,763902
580,2021-11-15,47086100,30348,91174.17162980043,92476.64641395686,214498.5710139535,764074,172,1155.7695246470907,1063.3177361263993,3583.0924651162795,764074
581,2021-11-16,47225229,139129,90421.14804247674,93753.51344647734,216288.4367627907,765382,1308,1131.8944791905021,1066.1122184638784,3605.201041860466,765382
582,2021-11-17,47313124,87895,89048.287112746,94878.64869717839,218165.74280930232,766700,1318,1107.2306388241857,1070.917948112224,3642.8411906976753,766700
583,2021-11-18,47424847,111723,87222.01919328229,95837.7791988881,212978.82411162794,768357,1657,1083.069267547426,1077.672590320107,3584.3777488372093,768357
584,2021-11-19,47535172,110325,85160.57735599965,96619.41886779257,211234.56189767443,769651,1294,1060.6222590857542,1086.2957940872773,3532.349209302327,769651
585,2021-11-20,47661030,125858,83117.70135723507,97215.38673160887,208588.52327441858,771426,1775,1040.9473998590888,1096.6882545782569,3434.5036279069773,771426
586,2021-11-21,47702669,41639,81362.4227227419,97621.65774153548,206492.29268837208,771777,351,1024.8993786717742,1108.731999893567,3344.1484651162787,771777
587,2021-11-22,47740579,37910,80156.4846067918,97838.86773176966,202730.22764651166,771913,136,1013.1098225393849,1122.2902481255835,3291.6526139534885,771913
588,2021-11-23,47891281,150702,79731.20780755095,97873.17608236038,204785.20401860465,773155,1242,1005.996379078815,1137.2053184520616,3327.907088372093,773155
589,2021-11-24,47983952,92671,80265.72445752489,97737.14537435798,206464.4399255814,774472,1317,1003.7976472232774,1153.3012135884064,3359.226158139535,774472
590,2021-11-25,48095562,111610,81868.45039577066,97450.6172224734,203919.12427906977,776154,1682,1006.6279035489148,1170.3805109109842,3345.2075162790698,776154
591,2021-11-26,48128268,32706,84563.45665998828,97041.7079447834,201183.2112372093,776544,390,1014.5433707586919,1188.2269194769453,3258.0860651162793,776544
592,2021-11-27,48179532,51264,88283.04432937037,96547.8719800506,197436.82411162788,776817,273,1027.6104549739441,1206.6054615825951,3115.6677209302325,776817
593,2021-11-28,48204270,24738,92867.35231438308,96017.02642257558,195769.2257488372,777025,208,1045.966081683877,1225.2605875241131,3037.5821395348835,777025
594,2021-11-29,48245265,40995,98071.27246837693,95509.02998718146,192600.06675348838,777147,122,1069.8610292963447,1243.9192735889396,2977.542139534884,777147
595,2021-11-30,48442621,197356,103578.35594112247,95096.61006422949,193977.3776372093,779116,1969,1099.6789322713853,1262.2894807526745,2999.3092465116283,779116
596,2021-12-01,48560043,117422,109020.8180631429,94867.22787502225,195545.85786046513,780561,1445,1135.9262407073684,1280.0648430635983,3023.5719813953488,780561
597,2021-12-02,48698505,138462,114004.23483118073,94924.34314855024,192562.4768,782522,1961,1179.1916319206537,1296.9196416399825,2962.100353488372,782522
598,2021-12-03,48836835,138330,118135.11620574088,95389.25473611175,190969.69849302323,786323,3801,1230.076860507687,1312.518271233841,2879.847851162791,786323
599,2021-12-04,48990427,153592,121049.27542221114,96402.71943849108,188673.31572093023,787855,1532,1289.1044605429197,1326.5106901226122,2730.3986232558136,787855
600,2021-12-05,49051572,61145,122438.81327667451,98127.1829740709,187084.55728372096,788362,507,1356.6107289390104,1338.5368294877837,2653.4795534883724,788362
601,2021-12-06,49099151,47579,122075.6120804907,100748.32307108182,184440.2224744186,788523,161,1432.6347059465577,1348.2282650734696,2580.7549767441856,788523
602,2021-12-07,49281488,182337,119829.48119609951,104477.65926803622,185805.23620465118,789905,1382,1516.815172976752,1355.2138854488965,2592.0022697674417,789905
603,2021-12-08,49393338,111850,115679.49586973699,109554.65534917587,187853.96714418606,791514,1609,1608.3078429861278,1359.1170387043087,2620.974883720931,791514
604,2021-12-09,49542739,149401,109717.5916704804,116249.38844354215,183805.18414883723,793228,1714,1705.7338638919257,1359.5654413326122,2572.483348837209,793228
605,2021-12-10,49661145,118406,102144.07617262518,124864.84242135513,182605.0656744186,794649,1421,1807.1685441737645,1356.1908801659406,2514.1577674418604,794649
606,2021-12-11,49833439,172294,93255.3487814332,135740.07193957578,179376.76807441862,796764,2115,1910.176006937656,1348.6353993000203,2426.337823255814,796764
607,2021-12-12,49884587,51148,83424.72736795974,149253.056163891,177513.4502697674,797179,415,2011.891548201761,1336.5543472596253,2351.383441860465,797179
