,date,total_confirmed,new_confirmed,new_confirmed_after_fft,total_deaths,new_deaths,new_death_after_fft,total_recovered
0,2020-04-13,14328,548,3358.6116046504058,337,31,51.32534837962461,2269.0
1,2020-04-14,15088,760,2947.7016826064946,363,26,46.90099760616552,2580.0
2,2020-04-15,16044,956,2523.5348593754074,406,43,42.58480146153252,3150.0
3,2020-04-16,16985,941,2105.1858652869596,440,34,38.54325869666686,3677.0
4,2020-04-17,17925,940,1710.4762429219454,479,39,34.912304129713355,4190.0
5,2020-04-18,18724,799,1354.8826126308936,501,22,31.79206190809557,4806.0
6,2020-04-19,19282,558,1050.6640606107676,521,20,29.24471070561605,5334.0
7,2020-04-20,19847,565,806.2641998282957,542,21,27.295273689872282,5706.0
8,2020-04-21,20785,938,626.0193165032322,574,32,25.934931512436506,6486.0
9,2020-04-22,21577,792,510.1782545797161,596,22,25.126295584478395,7341.0
10,2020-04-24,22797,1220,455.2145473754706,645,49,24.8099808131451,8025.0
11,2020-04-25,23772,975,454.38889417969045,663,18,24.911784916441384,9156.0
12,2020-04-26,24287,515,498.50220636560687,678,15,25.34981247929479,9986.0
13,2020-04-27,25051,764,576.7674593785707,699,21,26.04096773936082,10763.0
14,2020-04-28,25565,514,677.7232649018306,717,18,26.906368089339562,11170.0
15,2020-04-29,26506,941,790.1135849494825,764,47,27.87538498920271,11786.0
16,2020-04-30,27542,1036,903.6658974273097,803,39,28.888183686504668,12507.0
17,2020-05-01,28890,1348,1009.7133900551839,847,44,29.896791519627225,12507.0
18,2020-05-02,29970,1080,1101.6239636642472,882,35,30.864862185040188,14122.0
19,2020-05-03,31126,1156,1175.0182290016796,917,35,31.766408863702562,14891.0
20,2020-05-04,32123,997,1227.7784204907098,940,23,32.583845193270086,15544.0
21,2020-05-05,32889,766,1259.8684145059744,965,25,33.30569684381018,16090.0
22,2020-05-06,34137,1248,1273.0002349560377,984,19,33.92432942951307,16791.0
23,2020-05-07,35225,1088,1270.1933201871052,1013,29,34.433986175729856,17622.0
24,2020-05-08,36244,1019,1255.2786385646893,1046,33,34.82934984784555,18440.0
25,2020-05-09,37530,1286,1232.4002187904548,1081,35,35.10474872960011,19197.0
26,2020-05-10,38983,1453,1205.562070259255,1117,36,35.25402758444666,20141.0
27,2020-05-11,39807,824,1178.2595503825278,1150,33,35.271012839399035,21022.0
28,2020-05-12,40701,894,1153.2221183816716,1179,29,35.150426462540025,21713.0
29,2020-05-13,42030,1329,1132.2804892718295,1216,37,34.88905245830731,21713.0
30,2020-05-14,43456,1426,1116.356973894764,1238,22,34.48693776000155,23519.0
31,2020-05-15,44701,1245,1105.5647292551162,1309,71,33.948416331986266,24487.0
32,2020-05-16,45891,1190,1099.3910330691933,1356,47,33.28277895178369,25454.0
33,2020-05-17,47650,1759,1096.9325159048083,1395,39,32.504465969360766,26601.0
34,2020-05-18,48630,980,1097.1471165314904,1418,23,31.63272869897277,27570.0
35,2020-05-19,49400,770,1099.0885114191155,1430,12,30.690778095478,28371.0
36,2020-05-20,50740,1340,1102.0936042731623,1465,35,29.70450789105485,29359.0
37,2020-05-21,51985,1245,1105.9016429612518,1507,42,28.700935120823306,30341.0
38,2020-05-22,53279,1294,1110.6936404063863,1530,23,27.706537376844793,30341.0
39,2020-05-23,53817,538,1117.0517933984265,1541,11,26.745679065689234,31223.0
40,2020-05-24,54932,1115,1125.8492318427723,1554,13,25.839307134810483,32277.0
41,2020-05-25,55961,1029,1138.0894746742697,1598,44,25.004061874401085,33385.0
42,2020-05-26,56434,473,1154.721401293278,1609,11,24.25189493305227,35292.0
43,2020-05-27,57468,1034,1176.4586589365078,1623,14,23.590221259394564,36375.0
44,2020-05-28,58838,1370,1203.631886315154,1657,34,23.02256239085448,37626.0
45,2020-05-29,60625,1787,1236.0980236638288,1678,21,22.549573956375475,38905.0
46,2020-05-30,61254,629,1273.223781681776,1697,19,22.17029856229313,40068.0
47,2020-05-31,63045,1791,1313.9508871188864,1736,39,21.883453085402287,40068.0
48,2020-06-01,64744,1699,1356.9400990787938,1753,17,21.68855128531716,42423.0
49,2020-06-02,65732,988,1400.7804258720887,1765,12,21.586680281612615,43338.0
50,2020-06-03,67569,1837,1444.240703467617,1789,24,21.58079151038743,44517.0
51,2020-06-04,69122,1553,1486.5338327342808,1818,29,21.675429027043133,45858.0
52,2020-06-05,70802,1680,1527.5603749235584,1855,37,21.875893668095458,46799.0
53,2020-06-06,72610,1808,1568.0983894624299,1880,25,22.186921996333805,47865.0
54,2020-06-07,74652,2042,1609.9104750930721,1907,27,22.611034581296682,48895.0
55,2020-06-08,75697,1045,1655.7466290948805,1917,10,23.146769586413406,49758.0
56,2020-06-09,76689,992,1709.2320536498123,1928,11,23.78705661023216,49758.0
57,2020-06-10,78427,1738,1774.641364265125,1947,19,24.517996186244975,51140.0
58,2020-06-11,80986,2559,1856.5735139708079,1978,31,25.318289137128374,52449.0
59,2020-06-12,82940,1954,1959.5537601268672,2008,30,26.159507368057,54096.0
60,2020-06-13,85051,2111,2087.598831892337,2038,30,27.007317476649565,55258.0
61,2020-06-14,87192,2141,2243.787953107206,2057,19,27.823667862674395,56535.0
62,2020-06-15,88779,1587,2429.884693987139,2074,17,28.569838646710878,58341.0
63,2020-06-16,90488,1709,2646.052327891436,2097,23,29.210143245354885,59089.0
64,2020-06-17,93764,3276,2890.6984821543774,2148,51,29.71597313301578,60681.0
65,2020-06-18,98119,4355,3160.4738954691666,2186,38,30.06980475484177,62368.0
66,2020-06-19,101566,3447,3450.435968678793,2218,32,30.268749468023408,63812.0
67,2020-06-20,105635,4069,3754.3718189867336,2250,32,30.3272305008578,65329.0
68,2020-06-21,110250,4615,4065.2592557576636,2280,30,30.278418078212418,67096.0
69,2020-06-22,113112,2862,4375.829117034077,2294,14,30.17414352779667,68499.0
70,2020-06-23,118222,5110,4679.180299176084,2317,23,30.083139330933495,69190.0
71,2020-06-24,123440,5218,4969.390911359193,2343,26,30.08760456328352,70714.0
72,2020-06-25,129210,5770,5242.066260349889,2383,40,30.27826049337505,72898.0
73,2020-06-26,134997,5787,5494.767314400832,2430,47,30.748223598067188,74496.0
74,2020-06-27,140671,5674,5727.271866573235,2469,39,31.58616649905249,76282.0
75,2020-06-28,146254,5583,5941.634225076701,2510,41,32.869345747751545,78248.0
76,2020-06-29,151045,4791,6142.026798307006,2534,24,34.65713583309463,79974.0
77,2020-06-30,157434,6389,6334.366891745268,2564,30,36.985711949805655,81335.0
78,2020-07-01,163737,6303,6525.752582424208,2593,29,39.86446560671873,84818.0
79,2020-07-02,172859,9122,6723.750751773123,2649,56,43.274618409917764,87556.0
80,2020-07-03,180169,7310,6935.596365623012,2694,45,47.17032752189976,90720.0
81,2020-07-04,186319,6150,7167.37325628934,2748,54,51.482364077305775,93572.0
82,2020-07-05,192796,6477,7423.2517525152725,2784,36,56.12421053344296,97430.0
83,2020-07-06,196377,3581,7704.856814929505,2817,33,61.00018507850431,100843.0
84,2020-07-07,206410,10033,8010.831775239256,2872,55,66.01498281266129,103782.0
85,2020-07-08,216769,10359,8336.647891916393,2973,101,71.08384595519219,108485.0
86,2020-07-09,226133,9364,8674.689873450798,3066,93,76.14245778768762,113284.0
87,2020-07-10,237792,11659,9014.623946221336,3200,134,81.15561198261454,118326.0
88,2020-07-11,247074,9282,9344.029995005632,3263,63,86.12374897546313,122996.0
89,2020-07-12,255320,8246,9649.255012232534,3342,79,91.08657563832179,127880.0
90,2020-07-13,263551,8231,9916.423783312244,3432,90,96.12318766353033,132638.0
91,2020-07-14,270707,7156,10132.526424917538,3505,73,101.3483823398536,136419.0
92,2020-07-15,281105,10398,10286.49269540433,3591,86,106.90516283257284,142398.0
93,2020-07-16,292477,11372,10370.160968456521,3745,154,112.95376863169616,149276.0
94,2020-07-17,306424,13947,10379.055792660944,3915,170,119.65789240900865,155937.0
95,2020-07-18,318175,11751,10312.901724413456,4064,149,127.16903230923141,162191.0
96,2020-07-19,327611,9436,10175.82159030488,4193,129,135.61015367622386,169581.0
97,2020-07-20,335654,8043,9976.192855280895,4277,84,145.05997262032088,172936.0
98,2020-07-21,344484,8830,9726.164205062503,4389,112,155.53920933853172,177871.0
99,2020-07-22,352767,8283,9440.863353051376,4505,116,167.00008350406665,186529.0
100,2020-07-23,364292,11525,9137.35392170996,4738,233,179.32013831692504,195315.0
101,2020-07-24,373803,9511,8833.421631352536,4934,196,192.30119437863928,203826.0
102,2020-07-25,381162,7359,8546.28591409331,5116,182,205.67386876808587,212216.0
103,2020-07-26,390803,9641,8291.340957821085,5291,175,219.107675491304,221510.0
104,2020-07-27,394669,3866,8081.02925886038,5416,125,232.2262833590779,229107.0
105,2020-07-28,401119,6450,7923.940973275668,6112,696,244.6270817987173,229107.0
106,2020-07-29,409885,8766,7824.214437714494,6325,213,255.90382968493802,244449.0
107,2020-07-30,420556,10671,7781.2886395988835,6583,258,265.6708695860602,251346.0
108,2020-07-31,429579,9023,7790.029217048257,6839,256,273.58720667518566,260542.0
109,2020-08-01,440681,11102,7841.218253796735,6979,140,279.37869652581196,273191.0
110,2020-08-02,446789,6108,7922.367408495992,7267,288,282.85666763452735,282604.0
111,2020-08-03,449977,3188,8018.786460595821,7284,17,283.9315202943743,282604.0
112,2020-08-04,459256,9279,8114.817582558074,7448,164,282.62017976951245,297422.0
113,2020-08-05,470160,10904,8195.131496775164,7688,240,279.04671472500246,306262.0
114,2020-08-06,480704,10544,8245.976426222593,8069,381,273.43592916336775,315652.0
115,2020-08-07,488041,7337,8256.27490775579,8929,860,266.1002593247932,323804.0
116,2020-08-08,495960,7919,8218.47678898477,9205,276,257.42081479391885,331668.0
117,2020-08-09,502563,6603,8129.097955060555,9414,209,247.82385453439227,338343.0
118,2020-08-10,507929,5366,7988.901704110756,9523,109,237.75434669655127,344845.0
119,2020-08-11,513939,6010,7802.710833080651,9615,92,227.64849575390983,349833.0
120,2020-08-12,522215,8276,7578.870690365333,9593,-22,217.9072113567039,358312.0
121,2020-08-13,528743,6528,7328.413875180756,9897,304,208.8724312229346,367354.0
122,2020-08-14,535743,7000,7064.003239071347,10135,238,200.80799874908067,375760.0
123,2020-08-15,545700,9957,6798.749078371099,10439,304,193.88645038306,383717.0
124,2020-08-16,552814,7114,6545.007191456092,10629,190,188.1826148258821,393266.0
125,2020-08-17,560484,7670,6313.265845471338,10763,134,183.67440148668823,399572.0
126,2020-08-18,565979,5495,6111.221516514197,10820,57,180.25060111531,405817.0
127,2020-08-19,573798,7819,5943.12624063608,11042,222,177.7249817037748,415903.0
128,2020-08-20,579406,5608,5809.465028954449,11285,243,175.85548115231626,424685.0
129,2020-08-21,584628,5222,5706.992200247293,11536,251,174.36691381842547,431960.0
130,2020-08-22,590409,5781,5629.123275458257,11769,233,172.97535203227346,438825.0
131,2020-08-23,594188,3779,5566.6471031368055,11922,153,171.4122365988002,446030.0
132,2020-08-24,598910,4722,5508.693970529097,12046,124,169.44632058761778,451776.0
133,2020-08-25,603381,4471,5443.872164581079,12103,57,166.90175370789572,457182.0
134,2020-08-26,609534,6153,5361.469851849849,12277,174,163.67095299972996,466550.0
135,2020-08-27,615772,6238,5252.612642752429,12469,192,159.72135094404987,472421.0
136,2020-08-28,619814,4042,5111.270391544595,12691,222,155.09562705057624,478752.0
137,2020-08-29,625053,5239,4935.019404685398,12859,168,149.90557046566312,484880.0
138,2020-08-30,630092,5039,4725.487202342627,12987,128,144.32024400087656,492921.0
139,2020-08-31,632865,2773,4488.434481075444,13064,77,138.5495807948347,499518.0
140,2020-09-01,636201,3336,4233.460565141224,13105,41,132.82490555361386,507499.0
141,2020-09-02,641231,5030,3973.3516493147968,13240,135,127.37810354172211,514861.0
142,2020-09-03,645406,4175,3723.1226446891997,13417,177,122.42124387215986,522087.0
143,2020-09-04,648964,3558,3498.830687695835,13603,186,118.1283934410354,527359.0
144,2020-09-05,654952,5988,3316.2589794323794,13729,126,114.62114140635784,532223.0
145,2020-09-06,659411,4459,3189.5817839483757,13873,144,111.95901115651179,538282.0
146,2020-09-07,661911,2500,3130.12406244991,13950,77,110.13549765235393,543412.0
147,2020-09-08,662778,867,3145.322114736113,13997,47,109.07997127982803,543412.0
148,2020-09-09,666409,3631,3237.9753452907394,14099,102,108.66517803027784,553409.0
149,2020-09-10,671279,4870,3405.855266578221,14229,130,108.71958400964627,558894.0
150,2020-09-11,673462,2183,3641.7081612191337,14245,16,109.04340120451661,564114.0
151,2020-09-12,679032,5570,3933.6549989878094,14522,277,109.42682595884878,568067.0
152,2020-09-13,681899,2867,4265.959058176755,14629,107,109.66884723169099,568067.0
153,2020-09-14,686166,4267,4620.101066136832,14709,80,109.59495237878005,577832.0
154,2020-09-15,690216,4050,4976.076156031793,14753,44,109.0721752165321,577832.0
155,2020-09-16,697241,7025,5313.808690320133,14895,142,108.02018304657312,585912.0
156,2020-09-17,701187,3946,5614.571546040841,15033,138,106.41746303924846,590837.0
157,2020-09-18,705749,4562,5862.296550902243,15121,88,104.30211120128467,594817.0
158,2020-09-19,709198,3449,6044.672338956808,15232,111,101.7672097036877,600662.0
159,2020-09-20,712051,2853,6153.944086457578,15323,91,98.95125802604717,605522.0
160,2020-09-21,717727,5676,6187.3547896331565,15366,43,96.0245581170975,609210.0
161,2020-09-22,739487,21760,6147.1977687990075,15417,51,93.17280572244863,611856.0
162,2020-09-23,746471,6984,6040.482347581426,15521,104,90.57937883728636,613896.0
163,2020-09-24,747945,1474,5878.246415138225,15644,123,88.40791967984954,618054.0
164,2020-09-25,752811,4866,5674.578156266202,15782,138,86.78677027381389,642169.0
165,2020-09-26,756802,3991,5445.432251016768,15884,102,85.79664781705152,646143.0
166,2020-09-27,760281,3479,5207.341422748478,15987,103,85.4626507295064,649580.0
167,2020-09-28,765003,4722,4976.1311263930875,16029,42,85.75129643361129,652376.0
168,2020-09-29,767990,2987,4765.7429431542605,16092,63,86.57284251468994,657407.0
169,2020-09-30,774438,6448,4587.261192260218,16179,87,87.78867396156004,661038.0
170,2020-10-01,778057,3619,4448.218439070548,16288,109,89.22309220173251,664883.0
171,2020-10-02,781843,3786,4352.230672189729,16402,114,90.67845592824362,668515.0
172,2020-10-03,787698,5855,4298.984132866042,16501,99,91.95233291774093,672144.0
173,2020-10-04,793064,5366,4284.5655988250555,16571,70,92.8551512163231,677244.0
174,2020-10-05,795520,2456,4302.098924651561,16601,30,93.22680151336829,680083.0
175,2020-10-06,799793,4273,4342.625256430298,16717,116,92.95074256529207,683700.0
176,2020-10-07,806225,6432,4396.14466091357,16808,91,91.96438840814369,687277.0
177,2020-10-08,811391,5166,4452.724514841238,16928,120,90.26488889468607,692123.0
178,2020-10-09,815327,3936,4503.575823103698,17034,106,87.90982366558391,695194.0
179,2020-10-10,819912,4585,4542.002900496163,17130,96,85.012777379924,698481.0
180,2020-10-11,824119,4207,4564.144069442108,17208,78,81.73421105330286,701583.0
181,2020-10-12,826196,2077,4569.440041105379,17239,31,78.26845120814163,703662.0
182,2020-10-13,828815,2619,4560.790752108275,17271,32,74.8279496209856,705189.0
183,2020-10-14,834761,5946,4544.388516581679,17360,89,71.62619314734584,708349.0
184,2020-10-15,840829,6068,4529.243101987979,17464,104,68.860746302477,711438.0
185,2020-10-16,845717,4888,4526.440410498334,17558,94,66.69788098620457,716015.0
186,2020-10-17,851830,6113,4548.198690600632,17653,95,65.26009171990736,719478.0
187,2020-10-18,856684,4854,4606.802819677478,17723,70,64.61752609258966,723204.0
188,2020-10-19,862191,5507,4713.506893018312,17753,30,64.78400375217002,726231.0
189,2020-10-20,865445,3254,4877.497433391949,17777,24,65.71788576195928,729762.0
190,2020-10-21,870980,5535,5105.003948370518,17851,74,67.32762660705217,733758.0
191,2020-10-22,877928,6948,5398.630896109567,17944,93,69.48143195947644,739140.0
192,2020-10-23,880754,2826,5756.966533417416,17961,17,72.02009267030701,744283.0
193,2020-10-24,887961,7207,6174.501236290326,18077,116,74.77180010570773,748252.0
194,2020-10-25,897630,9669,6641.86264607713,18214,137,77.5675925085772,753611.0
195,2020-10-26,901131,3501,7146.349499880113,18261,47,80.25604909466855,755095.0
196,2020-10-27,907706,6575,7672.722324190259,18299,38,82.71593951926096,758192.0
197,2020-10-28,914584,6878,8204.189186176058,18383,84,84.86574148667357,763108.0
198,2020-10-29,921888,7304,8723.509946505565,18489,106,86.66923878417583,767905.0
199,2020-10-30,928809,6921,9214.134022492042,18606,117,88.13677781330121,772350.0
200,2020-10-31,934760,5951,9661.285098739263,18714,108,89.32215903736754,776580.0
201,2020-11-01,942850,8090,10052.911498865536,18788,74,90.31553440237019,782006.0
202,2020-11-02,975717,32867,10380.432493931376,18840,52,91.23303722607172,782006.0
203,2020-11-03,982529,6812,10639.227621906015,18882,42,92.20415576313238,787685.0
204,2020-11-04,992250,9721,10828.836689944872,18987,105,93.35805089686139,792286.0
205,2020-11-05,1003342,11092,10952.860826245726,19127,140,94.81009637860603,797586.0
206,2020-11-06,1014091,10749,11018.5779190504,19255,128,96.6498812056218,802611.0
207,2020-11-07,1023763,9672,11036.307232053812,19386,131,98.93176322431358,807008.0
208,2020-11-08,1031453,7690,11018.576290253939,19489,103,101.66881605629877,811330.0
209,2020-11-09,1039049,7596,10979.156949529508,19535,46,104.83069171477193,820215.0
210,2020-11-10,1046241,7192,10932.045942662464,19589,54,108.34555883954413,820156.0
211,2020-11-11,1058874,12633,10890.467625725845,19710,121,112.10590482922069,826116.0
212,2020-11-12,1072157,13283,10865.973093953357,19849,139,115.97764314834897,831800.0
213,2020-11-13,1083440,11283,10867.700715738492,20124,275,119.81167585565095,838950.0
214,2020-11-14,1096469,13029,10901.849278626974,20153,29,123.45685150202154,850648.0
215,2020-11-15,1107456,10987,10971.3975178807,20283,130,126.77314772611861,861205.0
216,2020-11-16,1115378,7922,11076.0842078896,20373,90,129.64390453057263,871784.0
217,2020-11-17,1124116,8738,11212.642764056389,20420,47,131.98603677194617,875521.0
218,2020-11-18,1137495,13379,11375.264958486036,20536,116,133.75735157479784,883223.0
219,2020-11-19,1151317,13822,11556.251320800991,20714,178,134.9603684189527,889099.0
220,2020-11-20,1165609,14292,11746.792292341517,20924,210,135.64236024919234,896191.0
221,2020-11-21,1179707,14098,11937.815155890195,21096,172,135.89167282976416,901943.0
222,2020-11-22,1192973,13266,12120.827755680955,21249,153,135.83070532087916,909137.0
223,2020-11-23,1201930,8957,12288.691258665483,21340,91,135.60621814558132,913796.0
224,2020-11-24,1210459,8529,12436.260512470139,21395,55,135.37784968002927,917739.0
225,2020-11-25,1231319,20860,12560.84139571098,21589,194,135.30585302413263,927331.0
226,2020-11-26,1248700,17381,12662.429089213296,21784,195,135.53909841503565,935011.0
227,2020-11-27,1256127,7427,12743.708334002562,21965,181,136.204325257571,943457.0
228,2020-11-28,1261000,4873,12809.815229909145,22026,61,137.3974788684063,946663.0
229,2020-11-29,1267016,6016,12867.878635517665,22130,104,139.17774756108327,950586.0
230,2020-11-30,1281337,14321,12926.376436229362,22199,69,141.56464867405586,954465.0
231,2020-12-01,1291458,10121,12994.35663124136,22271,72,144.53822459802655,962639.0
232,2020-12-02,1306735,15277,13080.584308058,22473,202,148.04213012627483,976517.0
233,2020-12-03,1327263,20528,13192.68232318979,22684,211,151.98914737182855,993151.0
234,2020-12-04,1346216,18953,13336.335380940798,22910,226,156.2684767980678,1003141.0
235,2020-12-05,1360818,14602,13514.624013764378,23142,232,160.75403903121605,1012700.0
236,2020-12-06,1374889,14071,13727.546868939437,23353,211,165.3129906668031,1022297.0
237,2020-12-07,1387163,12274,13971.777177072252,23433,80,169.81370826727766,1030716.0
238,2020-12-08,1394656,7493,14240.683099262014,23491,58,174.1326197244151,1038806.0
239,2020-12-09,1414125,19469,14524.622859132112,23661,170,178.15944517069053,1050416.0
240,2020-12-10,1428656,14531,14811.505396517985,23930,269,181.8006289189246,1062398.0
241,2020-12-11,1444808,16152,15087.587087092255,24127,197,184.9809742451467,1074579.0
242,2020-12-12,1460691,15883,15338.456252397687,24359,232,187.6437081180463,1157334.0
243,2020-12-13,1474276,13585,15550.141086301894,24542,183,189.7493790290042,1167975.0
244,2020-12-14,1483168,8892,15710.264460692075,24637,95,191.27410815126652,1176377.0
245,2020-12-15,1493486,10318,15809.161841440553,24684,47,192.20775898121548,1185628.0
246,2020-12-16,1514508,21022,15840.876950268734,24894,210,192.55255823007198,1203398.0
247,2020-12-17,1536275,21767,15803.954204006295,25160,266,192.32259453467546,1216415.0
248,2020-12-18,1553765,17490,15701.95731476986,25406,246,191.54445343687712,1216415.0
249,2020-12-19,1570908,17143,15543.659300495805,25736,330,190.25903621303206,1245339.0
250,2020-12-20,1585167,14259,15342.869693962477,25920,184,188.52438106030868,1260984.0
251,2020-12-21,1594965,9798,15117.888745203329,26034,114,186.41908527776573,1269014.0
252,2020-12-22,1607985,13020,14890.60438044614,26144,110,184.04574384173756,1279067.0
253,2020-12-23,1629816,21831,14685.273888177397,26322,178,181.53369766700408,1297294.0
254,2020-12-24,1652488,22672,14527.056918445549,26580,258,179.0403427233994,1311851.0
255,2020-12-25,1661626,9138,14440.387586316816,26868,288,176.75030002933892,1326975.0
256,2020-12-26,1664941,3315,14447.289586692748,27051,183,174.87188799484682,1332913.0
257,2020-12-27,1670355,5414,14565.7478458293,27075,24,173.6305643093619,1339447.0
258,2020-12-28,1699194,28839,14808.25232974129,27130,55,173.25929667862664,1346963.0
259,2020-12-29,1707818,8624,15180.6236570058,27205,75,173.98615414304157,1357576.0
260,2020-12-30,1732971,25153,15681.216127635764,27436,231,176.01975145867513,1387358.0
261,2020-12-31,1754975,22004,16300.572265464436,27741,305,179.5334930979763,1402336.0
262,2021-01-01,1772784,17809,17021.57513518558,28066,325,184.64981619740348,1423001.0
263,2021-01-02,1782956,10172,17820.11221283385,28359,293,191.42579243806907,1435164.0
264,2021-01-03,1801181,18225,18666.229561918102,28442,83,199.84149365866617,1443061.0
265,2021-01-04,1816886,15705,19525.719892902784,28496,54,209.79244100590213,1451846.0
266,2021-01-05,1831146,14260,20362.055290530912,28570,74,221.08724031859302,1464746.0
267,2021-01-06,1864173,33027,21138.54746299649,28808,238,233.4511674130871,1488189.0
268,2021-01-07,1884799,20626,21820.597545224125,29118,310,246.53602838876228,1504643.0
269,2021-01-08,1910091,25292,22377.885606127435,29498,380,259.93611514014697,1522105.0
270,2021-01-09,1932554,22463,22786.34832386843,30128,630,273.2095462857545,1536690.0
271,2021-01-10,1951915,19361,23029.80236503421,30313,185,285.9037748321495,1549210.0
272,2021-01-11,1968189,16274,23101.09062308871,30479,166,297.58360300143005,1558945.0
273,2021-01-12,1990204,22015,23002.657636947242,30585,106,307.85971521753044,1568710.0
274,2021-01-13,2014645,24441,22746.497469304977,30895,310,316.4155581571012,1595600.0
275,2021-01-14,2040751,26106,22353.459672289016,31277,382,323.03038674505774,1612188.0
276,2021-01-15,2068637,27886,21851.94380429552,31693,416,327.5964678367905,1630778.0
277,2021-01-16,2094921,26284,21276.057088980913,32086,393,330.12878441105215,1649735.0
278,2021-01-17,2112662,17741,20663.349962437027,32428,342,330.7660919689428,1666745.0
279,2021-01-18,2127111,14449,20052.277355346214,32600,172,329.76281041954223,1677588.0
280,2021-01-19,2138190,11079,19479.55694339963,32711,111,327.47194176651254,1697272.0
281,2021-01-20,2157459,19269,18977.6072517577,33032,321,324.3199305560782,1711009.0
282,2021-01-21,2185554,28095,18572.24721458361,33491,459,320.77507039532276,1739136.0
283,2021-01-22,2208871,23317,18280.824300688342,33942,451,317.3116469259829,1763247.0
284,2021-01-23,2227789,18918,18110.91133825947,34381,439,314.3724424986762,1785578.0
285,2021-01-24,2242473,14684,18059.67438251507,34725,344,312.33246826155255,1797979.0
286,2021-01-25,2250421,7948,18113.967905747275,34911,186,311.4668080122703,1809067.0
287,2021-01-26,2269424,19003,18251.162473088585,35090,179,311.92524506636613,1818785.0
288,2021-01-27,2290621,21197,18440.65758091181,35420,330,313.7159076167611,1845210.0
289,2021-01-28,2309220,18599,18645.982345779703,35877,457,316.69953741287173,1867289.0
290,2021-01-29,2330272,21052,18827.343001066376,36292,415,320.5952058759263,1894564.0
291,2021-01-30,2348188,17916,18944.44204769124,36650,358,324.9974295144578,1912861.0
292,2021-01-31,2363266,15078,18959.37211060482,36924,274,329.40374045045326,1932694.0
293,2021-02-01,2376344,13078,18839.379882589164,37074,150,333.25091957402975,1947493.0
294,2021-02-02,2412627,36283,18559.302757909187,37245,171,335.95736885675393,1974572.0
295,2021-02-03,2431687,19060,18103.50251755327,37619,374,336.9685473974389,1993704.0
296,2021-02-04,2449535,17848,17467.155263252902,38039,420,335.8020714901981,2015866.0
297,2021-02-05,2463424,13889,16656.802235467312,38453,414,332.08901366542875,2037888.0
298,2021-02-06,2478003,14579,15690.118884155365,38893,440,325.6081402470222,2060478.0
299,2021-02-07,2486505,8502,14594.915696971198,39182,289,316.31029090914905,2080185.0
300,2021-02-08,2494861,8356,13407.43964345752,39322,140,304.3307953295203,2091113.0
301,2021-02-09,2504578,9717,12170.095513458513,39482,160,289.98869079366824,2104894.0
302,2021-02-10,2518333,13755,10928.748115509763,39799,317,273.77248494616833,2125302.0
303,2021-02-11,2531060,12727,9729.796110917567,40148,349,256.3132243353338,2168762.0
304,2021-02-12,2543236,12176,8617.223946865965,40535,387,238.34660256669414,2184719.0
305,2021-02-13,2554842,11606,7629.83875177276,40901,366,220.666694849719,2204146.0
306,2021-02-14,2564055,9213,6798.884176082561,41149,248,204.07457030122194,2220233.0
307,2021-02-15,2568930,4875,6146.194183955055,41273,124,189.32545569270587,2231709.0
308,2021-02-16,2571723,2793,5683.008990271347,41336,63,177.07826933038714,2260840.0
309,2021-02-17,2574648,2925,5409.525861105774,41386,50,167.85119813392416,2257030.0
310,2021-02-18,2579802,5154,5315.203175423644,41496,110,161.9865644034558,2268067.0
311,2021-02-19,2582111,2309,5379.781152880954,41630,134,159.62755321443456,2279684.0
312,2021-02-20,2587712,5601,5574.9311792671015,41832,202,160.7084986583487,2289773.0
313,2021-02-21,2593816,6104,5866.401589073732,42041,209,164.95942476741132,2312445.0
314,2021-02-22,2600660,6844,6216.494360737055,42162,121,171.9244827426932,2318193.0
315,2021-02-23,2606513,5853,6586.686842592997,42301,139,180.99290192577325,2331940.0
316,2021-02-24,2617096,10583,6940.206704025818,42521,220,191.44015716750164,2353741.0
317,2021-02-25,2624852,7756,7244.3769971485335,42831,310,202.4763203126563,2368008.0
318,2021-02-26,2632666,7814,7472.570570164465,43085,254,213.2980643650479,2380295.0
319,2021-02-27,2643463,10797,7605.647085096921,43376,291,223.14056248821046,2393568.0
320,2021-02-28,2649363,5900,7632.7886659896085,43519,143,231.32558545917075,2417585.0
321,2021-03-01,2653013,3650,7551.698205537324,43697,178,237.30244273842368,2422369.0
322,2021-03-02,2660791,7778,7368.173709501378,43909,212,240.67900404138854,2429453.0
323,2021-03-03,2668091,7300,7095.118853280054,44186,277,241.24083076736835,2441822.0
324,2021-03-04,2675712,7621,6751.0905469166,44463,277,238.95737508412913,2450229.0
325,2021-03-05,2683386,7674,6358.515713889818,44757,294,233.97519414374185,2458818.0
326,2021-03-06,2688975,5589,5941.729458318589,45047,290,226.59909927827565,2470308.0
327,2021-03-07,2692691,3716,5524.99407556641,45249,202,217.26303915035868,2470308.0
328,2021-03-08,2695558,2867,5130.65276259703,45315,66,206.49323448694628,0.0
329,2021-03-09,2699083,3525,4777.554267959569,45411,96,194.8665870211638,0.0
330,2021-03-10,2704712,5629,4479.85690430888,45582,171,182.96764157012356,0.0
331,2021-03-11,2710278,5566,4246.284929628398,45796,214,171.34737344985626,0.0
332,2021-03-12,2715993,5715,4079.870436260796,46007,211,160.4868108449941,0.0
333,2021-03-13,2721511,5518,3978.1729919337536,46229,222,150.76801101282362,0.0
334,2021-03-14,2724607,3096,3933.930757059142,46366,137,142.45423587650998,0.0
335,2021-03-15,2727462,2855,3936.0637565373154,46423,57,135.680375983733,0.0
336,2021-03-16,2731814,4352,3970.924954781884,46519,96,130.45381990077894,0.0
337,2021-03-17,2737763,5949,4023.6795571086304,46651,132,126.66512960356481,0.0
338,2021-03-18,2742274,4511,4079.6884411435276,46827,176,124.10712892187489,0.0
339,2021-03-19,2745694,3420,4125.777774086741,47025,198,122.50040053433534,0.0
340,2021-03-20,2749624,3930,4151.292754761235,47198,173,121.52276297325551,0.0
341,2021-03-21,2752279,2655,4148.857293565565,47298,100,120.84009129849161,0.0
342,2021-03-22,2754616,2337,4114.790943281972,47346,48,120.13586340648536,0.0
343,2021-03-23,2757552,2936,4049.1667510333687,47446,100,119.13704901464575,0.0
344,2021-03-24,2762270,4718,3955.5259977600945,47527,81,117.63438292922193,0.0
345,2021-03-25,2766259,3989,3840.295215382112,47689,162,115.49563583018727,0.0
346,2021-03-26,2769451,3192,3711.9749621126703,47822,133,112.6711608873943,0.0
347,2021-03-27,2776370,6919,3580.1866866078235,47947,125,109.19169315053611,0.0
348,2021-03-28,2779464,3094,3454.6724202893197,48039,92,105.15904990478275,0.0
349,2021-03-29,2782735,3271,3344.341592041836,48093,54,100.73096736014067,0.0
350,2021-03-30,2786219,3484,3256.450349595882,48134,41,96.10176444693356,0.0
351,2021-03-31,2789428,3209,3195.9825280892,48242,108,91.48081329292575,0.0
352,2021-04-01,2791910,2482,3165.2795772694913,48252,10,87.07089886744788,0.0
353,2021-04-02,2797010,5100,3163.941535471239,48495,243,83.04846479541499,0.0
354,2021-04-03,2799375,2365,3188.994943470592,48599,104,79.54748252789734,0.0
355,2021-04-04,2801218,1843,3235.2988533197354,48676,77,76.64827584738762,0.0
356,2021-04-05,2802225,1007,3296.1390211496687,48697,21,74.3721229727652,0.0
357,2021-04-06,2806908,4683,3363.9447850384718,48729,32,72.68189323040161,0.0
358,2021-04-07,2811270,4362,3431.0542647676925,48815,86,71.48840679635641,0.0
359,2021-04-08,2815110,3840,3490.4519667805653,48918,103,70.66168558549596,0.0
360,2021-04-09,2819600,4490,3536.4085290877,49017,99,70.0458364233363,0.0
361,2021-04-10,2822889,3289,3564.964427970746,49121,104,69.47601000504314,0.0
362,2021-04-11,2825551,2662,3574.2166479745592,49188,67,68.79573405224828,0.0
363,2021-04-12,2826977,1426,3564.3878118347047,49212,24,67.87293539422994,0.0
364,2021-04-13,2831972,4995,3537.679043167053,49231,19,66.6131374941737,0.0
365,2021-04-14,2837160,5188,3497.9287957448723,49289,58,64.96862736451625,0.0
366,2021-04-15,2840869,3709,3450.1180677469297,49359,70,62.942797212869365,0.0
367,2021-04-16,2843929,3060,3399.776180550235,49441,82,60.58934119600224,0.0
368,2021-04-17,2847101,3172,3352.349452791276,49510,69,58.00648115556799,0.0
369,2021-04-18,2849072,1971,3312.5970148121683,49562,52,55.32686133848349,0.0
370,2021-04-19,2850575,1503,3284.0736646892633,49595,33,52.70414855672657,0.0
371,2021-04-20,2855052,4477,3268.7496361515296,49618,23,50.297665986335446,0.0
372,2021-04-21,2859892,4840,3266.8025276332974,49672,54,48.25655112645753,0.0
373,2021-04-22,2864319,4427,3276.598937596117,49748,76,46.704948970792664,0.0
374,2021-04-23,2867748,3429,3294.864330414783,49818,70,45.72963105310469,0.0
375,2021-04-24,2870407,2659,3317.021172778662,49877,59,45.37118348089975,0.0
376,2021-04-25,2872756,2349,3337.659195936687,49921,44,45.619557530806176,0.0
377,2021-04-26,2873995,1239,3351.0892625528572,49936,15,46.41435890056907,0.0
378,2021-04-27,2878438,4443,3351.9248642476646,49967,31,47.64980597100426,0.0
379,2021-04-28,2882423,3985,3335.633372337189,50027,60,49.183854997101555,0.0
380,2021-04-29,2886638,4215,3299.002894616656,50098,71,50.85061065348807,0.0
381,2021-04-30,2890257,3619,3240.47950150965,50164,66,52.47484790944728,0.0
382,2021-05-01,2893928,3671,3160.3427359454763,50219,55,53.887291350464,0.0
383,2021-05-02,2895810,1882,3060.7033851724636,50274,55,54.93924559184771,0.0
384,2021-05-03,2897110,1300,2945.3248859634027,50290,16,55.51524820802731,0.0
385,2021-05-04,2901549,4439,2819.2867726816366,50331,41,55.54261548765938,0.0
386,2021-05-05,2903934,2385,2688.523635919649,50411,80,54.9970512020398,0.0
387,2021-05-06,2906362,2428,2559.2847264426505,50471,60,53.90386036209933,0.0
388,2021-05-07,2909076,2714,2437.5665469301894,50527,56,52.33471839764759,0.0
389,2021-05-08,2911927,2851,2328.572893683591,50583,56,50.400353246355735,0.0
390,2021-05-09,2913480,1553,2236.253705237669,50626,43,48.239866113179275,0.0
391,2021-05-10,2914504,1024,2162.9661053827367,50643,17,46.00771289472647,0.0
392,2021-05-11,2917219,2715,2109.2890111660718,50665,22,43.859566307469485,0.0
393,2021-05-12,2920043,2824,2074.0078007950297,50719,54,41.93836186941282,0.0
394,2021-05-13,2922680,2637,2054.2692451930957,50785,66,40.361793125400304,0.0
395,2021-05-14,2924766,2086,2045.8907579654679,50840,55,39.21236813914679,0.0
396,2021-05-15,2927195,2429,2043.7935353849655,50903,63,38.530886119771125,0.0
397,2021-05-16,2928389,1194,2042.517687288152,50940,37,38.313864881331185,0.0
398,2021-05-17,2929050,661,2036.7700467317725,50941,1,38.515077976878096,0.0
399,2021-05-18,2931500,2450,2021.9526408607987,50972,31,39.05097970946547,0.0
400,2021-05-19,2934592,3092,1994.6220069800288,51012,40,39.80944202438717,0.0
401,2021-05-20,2936614,2022,1952.8363827765206,51081,69,40.66093182155849,0.0
402,2021-05-21,2938261,1647,1896.358593170908,51128,47,41.47104691869593,0.0
403,2021-05-22,2939697,1436,1826.6961437246546,51170,42,42.11322194272181,0.0
404,2021-05-23,2940679,982,1746.9753015625488,51209,39,42.48042022909479,0.0
405,2021-05-24,2941389,710,1661.6613598120666,51225,16,42.49474232087564,0.0
406,2021-05-25,2944265,2876,1576.1514083162394,51249,24,42.114093712021344,0.0
407,2021-05-26,2946793,2528,1496.2774804019475,51288,39,41.33534303218409,0.0
408,2021-05-27,2948986,2193,1427.7658803581865,51350,62,40.19373906774149,0.0
409,2021-05-28,2950587,1601,1375.7021375085794,51401,51,38.75870884660951,0.0
410,2021-05-29,2952311,1724,1344.050107293651,51456,55,37.12649633357455,0.0
411,2021-05-30,2952861,550,1335.26840128874,51491,35,35.41039088439588,0.0
412,2021-05-31,2953235,374,1350.0581350871132,51505,14,33.72951010216629,0.0
413,2021-06-01,2953409,174,1387.2638395205954,51508,3,32.19722394797253,0.0
414,2021-06-02,2954084,675,1443.9354459189094,51525,17,30.910325607328794,0.0
415,2021-06-03,2956576,2492,1515.5448318004953,51575,50,29.93996919601727,0.0
416,2021-06-04,2959171,2595,1596.3368204271603,51633,58,29.325214102619437,0.0
417,2021-06-05,2961257,2086,1679.7829832909492,51676,43,29.069758558924487,0.0
418,2021-06-06,2962395,1138,1759.0981019778937,51701,25,29.142135843283363,0.0
419,2021-06-07,2962934,539,1827.7744059500594,51719,18,29.47931489571685,0.0
420,2021-06-08,2964109,1175,1880.0880565507432,51736,17,29.99332440200613,0.0
421,2021-06-09,2966038,1929,1911.5357529769647,51777,41,30.580235799699942,0.0
422,2021-06-10,2972976,6938,1919.1663815783782,51814,37,31.130622446837197,0.0
423,2021-06-11,2974886,1910,1901.7825822580523,51846,32,31.540479296300973,0.0
424,2021-06-12,2976183,1297,1859.998986271592,51889,43,31.72155160052461,0.0
425,2021-06-13,2976974,791,1796.1565618460575,51912,23,31.610085011245744,0.0
426,2021-06-14,2977373,399,1714.1048222197394,51929,17,31.173166161321795,0.0
427,2021-06-15,2978351,978,1618.8745097472445,51940,11,30.412056994730435,0.0
428,2021-06-16,2979689,1338,1516.2718444568702,51967,27,29.362215176103817,0.0
429,2021-06-17,2981826,2137,1412.4308414877435,52007,40,28.090009305756904,0.0
430,2021-06-18,2982619,793,1313.3621901625768,52040,33,26.68645145592381,0.0
431,2021-06-19,2983636,1017,1224.5357085161995,52083,43,25.258551229609477,0.0
432,2021-06-20,2985388,1752,1150.5287228626073,52098,15,23.91911881483708,0.0
433,2021-06-21,2985659,271,1094.7654376850078,52110,12,22.775988682539317,0.0
434,2021-06-22,2986414,755,1059.3632413303792,52118,8,21.92168750352277,0.0
435,2021-06-23,2988388,1974,1045.0918587999768,52150,32,21.42452510348142,0.0
436,2021-06-24,2989604,1216,1051.441279080156,52183,33,21.321950485213748,0.0
437,2021-06-25,2991189,1585,1076.7853654584108,52217,34,21.616799379212875,0.0
438,2021-06-26,2992812,1623,1118.6207818525525,52246,29,22.2767860169918,0.0
439,2021-06-27,2994213,1401,1173.8559101343849,52265,19,23.23728580127004,0.0
440,2021-06-28,2994389,176,1239.122115046023,52273,8,24.40714613504408,0.0
441,2021-06-29,2995223,834,1311.08008530334,52279,6,25.676978933570897,0.0
442,2021-06-30,2997318,2095,1386.6968285030152,52308,29,26.929156829900162,0.0
443,2021-07-01,3000069,2751,1463.4737794986306,52337,29,28.04857735571723,0.0
444,2021-07-02,3001682,1613,1539.6127775037608,52410,73,28.933190003906535,0.0
445,2021-07-03,3003278,1596,1614.1136519691624,52453,43,29.503306294239508,0.0
446,2021-07-04,3004465,1187,1686.8040805192888,52473,20,29.70883011462791,0.0
447,2021-07-05,3004684,219,1758.3085448446814,52482,9,29.533743425101925,0.0
448,2021-07-06,3005221,537,1829.9680347611622,52482,0,28.997442077158908,0.0
449,2021-07-07,3006541,1320,1903.7252349093444,52506,24,28.152813443811606,0.0
450,2021-07-08,3010929,4388,1981.9910810608555,52531,25,27.081253756052146,0.0
451,2021-07-09,3013216,2287,2067.5078228644734,52567,36,25.885109667240872,0.0
452,2021-07-10,3015520,2304,2163.2213141837838,52606,39,24.67826867834747,0.0
453,2021-07-11,3016891,1371,2272.171581315393,52624,18,23.57579413205821,0.0
454,2021-07-12,3017321,430,2397.406324870522,52629,5,22.683586528156795,0.0
455,2021-07-13,3020886,3565,2541.917482046468,52661,32,22.089045957175856,0.0
456,2021-07-14,3024610,3724,2708.596891008807,52690,29,21.853611296062272,0.0
457,2021-07-15,3029676,5066,2900.203961164468,52727,37,22.00786995581913,0.0
458,2021-07-16,3032699,3023,3119.3364344620795,52763,36,22.549684718817044,0.0
459,2021-07-17,3037130,4431,3368.3950254344754,52792,29,23.445495036221736,0.0
460,2021-07-18,3039664,2534,3649.5339632766663,52816,24,24.634646533766293,0.0
461,2021-07-19,3041410,1746,3964.592051169038,52827,11,26.036313251380687,0.0
462,2021-07-20,3044072,2662,4315.002463984613,52839,12,27.558329849607496,0.0
463,2021-07-21,3049688,5616,4701.683658597439,52865,26,29.107069258763676,0.0
464,2021-07-22,3057874,8186,5124.917934631949,52904,39,30.597402465321984,0.0
465,2021-07-23,3064743,6869,5584.227813676827,52935,31,31.961770928875257,0.0
466,2021-07-24,3070903,6160,6078.263013410622,52982,47,33.15748933251734,0.0
467,2021-07-25,3076115,5212,6604.712003884399,53006,24,34.17156892583729,0.0
468,2021-07-26,3077513,1398,7160.251727282474,53018,12,35.022593381971106,0.0
469,2021-07-27,3083368,5855,7740.547004471944,53037,19,35.759466929817755,0.0
470,2021-07-28,3095920,12552,8340.307596533732,53078,41,36.45716105215718,0.0
471,2021-07-29,3105208,9288,8953.406168027332,53149,71,37.209881786110245,0.0
472,2021-07-30,3119924,14716,9573.054983355367,53186,37,38.12233594292824,0.0
473,2021-07-31,3133639,13715,10192.03362196015,53248,62,39.29996621899104,0.0
474,2021-08-01,3138837,5198,10802.954916245822,53277,29,40.839132980928674,0.0
475,2021-08-02,3142184,3347,11398.552257345173,53296,19,42.818233085724785,0.0
476,2021-08-03,3151893,9709,11971.968840404385,53329,33,45.290661051676636,0.0
477,2021-08-04,3172919,21026,12517.028645679555,53395,66,48.280342175953365,0.0
478,2021-08-05,3185937,13018,13028.470100614693,53457,62,51.78031654981026,0.0
479,2021-08-06,3201476,15539,13502.126363564956,53538,81,55.754550539091646,0.0
480,2021-08-07,3224572,23096,13935.040735072718,53607,69,60.142826713075216,0.0
481,2021-08-08,3235644,11072,14325.511387805054,53661,54,64.86824569362376,0.0
482,2021-08-09,3238016,2372,14673.065834224175,53688,27,69.8465950604061,0.0
483,2021-08-10,3250897,12881,14978.371677334824,53727,39,74.99662927426797,0.0
484,2021-08-11,3272462,21565,15243.095571268976,53831,104,80.25018274468806,0.0
485,2021-08-12,3293869,21407,15469.726382889203,53939,108,85.56101982681582,0.0
486,2021-08-13,3306267,12398,15661.380855342217,54057,118,90.91141533155097,0.0
487,2021-08-14,3323844,17577,15821.610376597193,54202,145,96.31565155244611,0.0
488,2021-08-15,3334027,10183,15954.22571352603,54289,87,101.8198974663379,0.0
489,2021-08-16,3339500,5473,16063.152972844235,54330,41,107.49827859153035,0.0
490,2021-08-17,3356260,16760,16152.328991427858,54379,49,113.44532128828789,0.0
491,2021-08-18,3384466,28206,16225.638408344043,54478,99,119.76532840426658,0.0
492,2021-08-19,3402025,17559,16286.888510724668,54655,177,126.55957859364875,0.0
493,2021-08-20,3419098,17073,16339.812298230005,54863,208,133.9125062668442,0.0
494,2021-08-21,3442026,22928,16388.08576249198,55055,192,141.87818536347842,0.0
495,2021-08-22,3459060,17034,16435.34270157873,55226,171,150.46848858464946,0.0
496,2021-08-23,3462334,3274,16485.169878144337,55283,57,159.64421516708242,0.0
497,2021-08-24,3476394,14060,16541.067146805097,55346,63,169.31027685400755,0.0
498,2021-08-25,3499482,23088,16606.361228247853,55549,203,179.31571700038856,0.0
499,2021-08-26,3520818,21336,16684.067744685188,55798,249,189.45893590254886,0.0
500,2021-08-27,3534862,14044,16776.70337380641,56055,257,199.49803933951387,0.0
501,2021-08-28,3557337,22475,16886.057769248706,56345,290,209.1657558649302,0.0
502,2021-08-29,3566549,9212,17012.942373584858,56577,232,218.18792325137204,0.0
503,2021-08-30,3570135,3586,17156.93953661431,56685,108,226.30416645422682,0.0
504,2021-08-31,3592504,22369,17316.179644524622,56808,123,233.28911482521718,0.0
505,2021-09-01,3612246,19742,17487.17562539521,57044,236,238.97236353719202,0.0
506,2021-09-02,3639659,27413,17664.742823929017,57381,337,243.25539120176862,0.0
507,2021-09-03,3661241,21582,17842.027726715733,57704,323,246.1238079607989,0.0
508,2021-09-04,3686502,25261,18010.661581533524,57995,291,247.65361812945008,0.0
509,2021-09-05,3701024,14522,18161.04511702466,58272,277,248.01061799122792,0.0
510,2021-09-06,3703715,2691,18282.759136185345,58420,148,247.4425802427762,0.0
511,2021-09-07,3708013,4298,18365.08374221798,58467,47,246.26446036963273,0.0
512,2021-09-08,3727663,19650,18397.59749157548,58638,171,244.8374495582611,0.0
513,2021-09-09,3768545,40882,18370.818002706364,58927,289,243.54324427468083,0.0
514,2021-09-10,3793204,24659,18276.838527191074,59338,411,242.75535715330253,0.0
515,2021-09-11,3812711,19507,18109.911553549224,59742,404,242.80961629412022,0.0
516,2021-09-12,3821518,8807,17866.931206396363,60061,319,243.97615919114517,0.0
517,2021-09-13,3823937,2419,17547.77120475943,60202,141,246.43520468422346,0.0
518,2021-09-14,3843407,19470,17155.44423627529,60330,128,250.2586774324771,0.0
519,2021-09-15,3870934,27527,16696.061178502816,60423,93,255.3993755610785,0.0
520,2021-09-16,3890444,19510,16178.583692729326,60830,407,261.68883911040353,0.0
521,2021-09-17,3908248,17804,15614.38009238682,61205,375,268.8444333796156,0.0
522,2021-09-18,3925136,16888,15016.610640902361,61558,353,276.4854558704263,0.0
523,2021-09-19,3933083,7947,14399.48311161198,61861,303,284.15736320656504,0.0
524,2021-09-20,3934628,1545,13777.431183784725,61960,99,291.36255192974244,0.0
525,2021-09-21,3949052,14424,13164.275911307363,62071,111,297.595568566539,0.0
526,2021-09-22,3967426,18374,12572.433273640481,62402,331,302.3802168080894,0.0
527,2021-09-23,3983098,15672,12012.228309082824,62801,399,305.30580896870407,0.0
528,2021-09-24,3994501,11403,11491.368611114005,63253,452,306.0597968518476,0.0
529,2021-09-25,4008699,14198,11014.61758536672,63656,403,304.454219352008,0.0
530,2021-09-26,4016181,7482,10583.691798938626,63934,278,300.4438092749985,0.0
531,2021-09-27,4018812,2631,10197.388343500308,64074,140,294.1341824283932,0.0
532,2021-09-28,4029626,10814,9851.928960217543,64192,118,285.7792461699559,0.0
533,2021-09-29,4043512,13886,9541.489422938635,64456,264,275.76775926606956,0.0
534,2021-09-30,4058636,15124,9258.86698317545,64851,395,264.59978992684364,0.0
535,2021-10-01,4068264,9628,8996.226983538938,65203,352,252.8545916024264,0.0
536,2021-10-02,4077436,9172,8745.863147564265,65529,326,241.1520863438017,0.0
537,2021-10-03,4083305,5869,8500.905212238264,65785,256,230.11066026273082,0.0
538,2021-10-04,4084361,1056,8255.912631837786,65914,129,220.3042933348568,0.0
539,2021-10-05,4093140,8779,8007.3036595477315,66044,130,212.2221397637113,0.0
540,2021-10-06,4105397,12257,7753.584309279221,66318,274,206.2335356899769,0.0
541,2021-10-07,4116410,11013,7495.360181188503,66681,363,202.5610464510517,0.0
542,2021-10-08,4124391,7981,7235.13424743675,66933,252,201.2636015476816,0.0
543,2021-10-09,4128119,3728,6976.913613327004,66983,50,202.23104315973262,0.0
544,2021-10-10,4129189,1070,6725.666159057273,66986,3,205.19058708211372,0.0
545,2021-10-11,4129695,506,6486.682156385918,66988,2,209.72482523903824,0.0
546,2021-10-12,4135512,5817,6264.905088506739,67044,56,215.30005193382576,0.0
547,2021-10-13,4140620,5108,6064.299075067519,67062,18,221.302935642151,0.0
548,2021-10-14,4162922,22302,5887.317151666616,68245,1183,227.08294194363322,0.0
549,2021-10-15,4168664,5742,5734.525390118746,68467,222,231.99748769812004,0.0
550,2021-10-16,4175460,6796,5604.423258767216,68723,256,235.45660390961655,0.0
551,2021-10-17,4178474,3014,5493.482004242093,68935,212,236.96392003521734,0.0
552,2021-10-18,4180032,1558,5396.401875059646,69034,99,236.15105285522765,0.0
553,2021-10-19,4184467,4435,5306.567635342567,69103,69,232.80296767348696,0.0
554,2021-10-20,4191397,6930,5216.662034664541,69304,201,226.87254164736072,0.0
555,2021-10-21,4196761,5364,5119.380592969715,69565,261,218.48334826969338,0.0
556,2021-10-22,4202418,5657,5008.179820812039,69795,230,207.9205388968848,0.0
557,2021-10-23,4206675,4257,4877.985973228663,70025,230,195.61055744895464,0.0
558,2021-10-24,4209200,2525,4725.793220448346,70202,177,182.09122391299132,0.0
559,2021-10-25,4210466,1266,4551.088678120074,70263,61,167.9744020741431,0.0
560,2021-10-26,4215539,5073,4356.056411953048,70335,72,153.9039775531912,0.0
561,2021-10-27,4221302,5763,4145.532075632085,70486,151,140.51217756573567,0.0
562,2021-10-28,4224781,3479,3926.7025413440674,70718,232,128.37734352209023,0.0
563,2021-10-29,4231141,6360,3708.5686997054804,70886,168,117.98611858471422,0.0
564,2021-10-30,4234996,3855,3501.2123587807455,71075,189,109.70264878016518,0.0
565,2021-10-31,4238040,3044,3314.927734751586,71139,64,103.74684836933598,0.0
566,2021-11-01,4238438,398,3159.2925262035474,71193,54,100.18309149112744,0.0
567,2021-11-02,4242156,3718,3042.2615544161135,71262,69,98.91991609996204,0.0
568,2021-11-03,4247209,5053,2969.366555235441,71380,118,99.72052208205066,0.0
569,2021-11-04,4251257,4048,2943.098702756199,71537,157,102.223073394104,0.0
570,2021-11-05,4254698,3441,2962.5362977811633,71666,129,105.96913081267856,0.0
571,2021-11-06,4257615,2917,3023.2598883368896,71802,136,110.43799630095126,0.0
572,2021-11-07,4260063,2448,3117.5725944210467,71914,112,115.08437959810715,0.0
573,2021-11-08,4260852,789,3235.0166953650673,71957,43,119.37662590556064,0.0
574,2021-11-09,4264018,3166,3363.150954135421,72009,52,122.83277846300898,0.0
575,2021-11-10,4269229,5211,3488.5290767721235,72111,102,125.05198357696523,0.0
576,2021-11-11,4273003,3774,3597.8003316736085,72130,19,125.73915566804762,0.0
577,2021-11-12,4277412,4409,3678.840494379017,72417,287,124.72137079210533,0.0
578,2021-11-13,4280433,3021,3721.816200390469,72687,270,121.95510380727339,0.0
579,2021-11-14,4283413,2980,3720.0890727431356,72760,73,117.52411584317849,0.0
580,2021-11-15,4283899,486,3670.87750239973,72789,29,111.62848199196006,0.0
581,2021-11-16,4287302,3403,3575.6128302060592,72838,49,104.56587339091857,0.0
582,2021-11-17,4292434,5132,3439.951381899451,72909,71,96.70672834731266,0.0
583,2021-11-18,4296397,3963,3273.4322839654264,73038,129,88.46532841261869,0.0
584,2021-11-19,4301331,4934,3088.800824407647,73176,138,80.26901364106139,0.0
585,2021-11-20,4304742,3411,2901.045759363388,73276,100,72.52781616739311,0.0
586,2021-11-21,4306389,1647,2726.223922534689,73351,75,65.60666580286284,0.0
587,2021-11-22,4307087,698,2580.164584429041,73378,27,59.802041562209105,0.0
588,2021-11-23,4311138,4051,2477.157536902634,73424,46,55.32453609608138,0.0
589,2021-11-24,4316239,5101,2428.7317908334876,73518,94,52.28830181297881,0.0
590,2021-11-25,4320753,4514,2442.625752550082,73605,87,50.7077995263015,0.0
591,2021-11-26,4321057,304,2522.0352367235755,73605,0,50.50171639948536,0.0
592,2021-11-27,4321097,40,2665.2038593867087,73605,0,51.5034020891013,0.0
593,2021-11-28,4321134,37,2865.393044262507,73605,0,53.47672800796368,0.0
594,2021-11-29,4321134,0,3111.238352430797,73605,0,56.135934884174965,0.0
595,2021-11-30,4329309,8175,3387.4676697581826,73754,149,59.16781916577058,0.0
596,2021-12-01,4335900,6591,3675.9275735038927,73828,74,62.25452950957943,0.0
597,2021-12-02,4341140,5240,3956.8393928622377,73928,100,65.09529976030514,0.0
598,2021-12-03,4345433,4293,4210.1881399124,74033,105,67.425623161666,0.0
599,2021-12-04,4349514,4081,4417.137121366172,74107,74,69.03265364069712,0.0
600,2021-12-05,4351335,1821,4561.359466513981,74169,62,69.76597642179468,0.0
601,2021-12-06,4352098,763,4630.185090495067,74198,29,69.54329000281957,0.0
602,2021-12-07,4356275,4177,4615.47707058604,74217,19,68.35095098368038,0.0
603,2021-12-08,4361295,5020,4514.173676627902,74278,61,66.23971977917556,0.0
604,2021-12-09,4366341,5046,4328.4594336510145,74370,92,63.31637993500728,0.0
605,2021-12-10,4370210,3869,4065.55828510733,74452,82,59.73216348331458,0.0
606,2021-12-11,4385287,15077,3737.171664770793,74555,103,55.66908380503483,0.0
